,y1,y2,x11,x12
0,0.0,1.0,2.027584051519468,-0.49007024675888516
1,0.0,1.0,-2.8025956657971482,1.0999258351382335
2,0.0,1.0,-1.02836177429021,2.2649122551791936
3,0.0,1.0,0.5010967319542846,1.5029835849541529
4,0.0,1.0,-1.6088947317220859,3.902755466387986
5,0.0,1.0,-1.6313423633550286,2.2760918577334
6,1.0,0.0,1.6826503338026337,-0.6297680589958808
7,0.0,1.0,-3.2044242753688987,0.7819986887581541
8,1.0,1.0,0.26427177324278867,2.7952812916380703
9,1.0,1.0,2.172419091161351,1.1677666365506219
10,0.0,0.0,-1.130608337789473,-0.11302272159557009
11,0.0,1.0,1.2042053144719624,4.299994423879578
12,1.0,0.0,-0.0781202182773194,-3.4372341395713266
13,0.0,1.0,-4.78547075084152,2.203260914979666
14,0.0,1.0,2.0558019050080394,3.159721075559006
15,1.0,0.0,-0.8963646365214105,-2.4472797300343463
16,1.0,0.0,0.12861708527577193,-2.311063875512744
17,1.0,0.0,3.7933041397444924,0.045627792186607376
18,1.0,0.0,0.7635379188834204,-2.819619497866173
19,1.0,1.0,0.6813179621006457,0.34815954420130424
20,0.0,0.0,-4.149602415721186,-3.9432596000789344
21,0.0,1.0,1.712637688801305,3.459205133041208
22,0.0,1.0,0.3528635291848603,1.9805681823480694
23,0.0,0.0,-1.8548136793057413,-1.754022249607817
24,1.0,0.0,2.6550961928156207,-1.2166957581156477
25,1.0,0.0,0.914540457467025,-0.7592328946308979
26,1.0,0.0,6.173783828423757,0.6230881048299716
27,0.0,1.0,-2.4455073550137083,-1.9858529468109225
28,0.0,1.0,1.3041905737959658,0.9068585629859819
29,1.0,1.0,3.5453253719866162,1.7979533311760347
30,0.0,0.0,-4.442389974748782,-1.209817679809177
31,0.0,0.0,-1.289753794498402,-4.210918432115745
32,0.0,1.0,-0.5485160487279127,2.071140972387322
33,0.0,1.0,0.8895036705955351,-0.018043865499102113
34,1.0,0.0,1.4094828286120322,-3.464645891767208
35,1.0,1.0,1.3278932155766359,-0.068582654033063
36,0.0,0.0,0.6358000358002375,-1.7478122431384235
37,0.0,0.0,-2.042887210662542,-0.7779694164509581
38,0.0,1.0,1.6959510138658058,2.701645077027486
39,0.0,0.0,-1.643192320173023,-0.8347079654034698
40,0.0,1.0,-0.45153827600703167,1.0827252301252934
41,0.0,1.0,-0.48755005094853765,2.1226563460063916
42,1.0,0.0,1.2423808099564206,-0.8314109327890138
43,1.0,1.0,-0.46637116529409156,0.02549380745090073
44,1.0,0.0,2.8315216693851917,-0.3211810705520223
45,1.0,0.0,3.532421057337949,-1.9613738897310586
46,0.0,0.0,-1.4237969562042014,-0.05271340026935544
47,0.0,1.0,-2.278215634094414,2.1916173525652454
48,0.0,0.0,-1.6284782388640529,-1.559154571290252
49,0.0,0.0,-2.3011190016464833,-0.07390565144344886
50,0.0,0.0,0.2460907044584633,-0.5560609931881886
51,0.0,1.0,2.3444294883434003,-0.4131904085109132
52,0.0,1.0,-1.539200908836351,0.33362867761961196
53,0.0,0.0,-1.5940732756651235,-1.473846883818855
54,1.0,1.0,2.723064739021853,2.4029702007564127
55,0.0,0.0,-0.34268503625383406,0.5258876001387573
56,0.0,0.0,-0.3382969180062048,-1.105911069409365
57,1.0,0.0,1.6246586648400965,-1.543551092053332
58,1.0,0.0,1.3626451023392758,-3.284952383662386
59,0.0,0.0,0.41815003232050296,0.32907837539277296
60,0.0,1.0,0.5828944391562303,0.9690076083837929
61,1.0,0.0,1.7386138374838915,-0.18543097397481378
62,0.0,1.0,2.467904079356361,1.86181198417823
63,0.0,1.0,1.7692006193630962,3.7384635048955
64,0.0,0.0,-0.26818757560260786,0.18750874266749964
65,1.0,0.0,2.8109650176750556,-0.5908025741648767
66,0.0,0.0,0.16250250827459456,-1.3102592710380108
67,0.0,0.0,-0.48543406179923787,-2.924163542304234
68,1.0,0.0,2.88067511500455,0.2328937614379611
69,0.0,1.0,0.2422336603682385,0.9300637932109603
70,0.0,1.0,-1.5761881819947015,0.9704462218417602
71,1.0,1.0,0.8037409766635742,0.5787209108472375
72,0.0,0.0,-0.135684234338478,-2.222831173776233
73,1.0,1.0,2.5801279298097195,2.1176445697497868
74,0.0,1.0,0.43888427037985456,1.1232684546700848
75,1.0,0.0,2.3066692877688193,1.5813067610134752
76,0.0,0.0,1.012272371360389,0.5010209497508262
77,1.0,0.0,1.654513929082671,-0.797782938742954
78,0.0,1.0,-0.30801590831919035,2.438299440926118
79,0.0,1.0,-1.3182658370612652,1.0694408074166335
80,0.0,0.0,-0.7362567614812351,-5.411346440884286
81,0.0,1.0,2.952190395753427,2.2431922273286693
82,0.0,1.0,0.0007027121341931094,1.2023182067674454
83,0.0,0.0,-3.404401337258161,-2.01957586170575
84,0.0,0.0,-6.5740245516898534,-0.1730194378300131
85,0.0,0.0,-0.4933457909348959,-1.0369149348673143
86,0.0,1.0,0.2936052687884871,4.881791022240664
87,0.0,1.0,-1.460960359446984,2.697333639613815
88,1.0,0.0,-0.34340030948986633,-0.5339985541393385
89,0.0,1.0,-0.24640681011173932,1.017838997783024
90,1.0,0.0,-2.0918553670183395,-2.564023743685793
91,0.0,0.0,1.6215306800268237,-0.366740588866409
92,0.0,0.0,2.1326540918011236,-0.7552861507866999
93,1.0,1.0,0.7257339089831646,-1.2089244091123041
94,0.0,0.0,-2.0887071664237604,-1.20475245275585
95,0.0,1.0,-2.896194436874569,-0.5476687486771213
96,0.0,1.0,-1.64391869026959,0.07284486270348471
97,1.0,0.0,-0.932036872414239,-2.4350092295496495
98,1.0,0.0,2.3512244845120063,-2.2501687198660285
99,0.0,0.0,-0.3918614579200501,1.3687023039410107
100,0.0,1.0,0.25963284080173393,4.386486811442362
101,0.0,1.0,-1.1152934218196966,2.03022715529512
102,0.0,1.0,-2.7998435507426316,0.2004158679727041
103,0.0,0.0,-4.280358025689378,-0.3231098498794938
104,1.0,0.0,3.7768009804175664,0.6428354873060234
105,0.0,0.0,-2.2564906114627337,-1.3006368775604564
106,0.0,0.0,-1.5888862589421078,-0.9477973910543236
107,0.0,0.0,-2.58634321525427,0.26729534370348923
108,0.0,1.0,-1.9028048579680512,1.3645324813690884
109,0.0,0.0,0.19050553165236472,-0.9784022339374959
110,0.0,1.0,-0.6588558142961173,1.1538546487804129
111,1.0,0.0,3.5535903565837104,0.8482016127197318
112,1.0,1.0,-1.811901404741431,3.365973128172305
113,1.0,0.0,1.4624800361704064,-0.6587652539462066
114,0.0,0.0,-1.1494197117209826,-1.6962277984654552
115,0.0,1.0,1.992347274664541,0.6900163853803679
116,0.0,0.0,-1.5951782628955282,-4.567857672818249
117,1.0,0.0,0.071068995747041,-0.5269588719906485
118,0.0,1.0,1.5089299656303334,3.6721035934068214
119,0.0,1.0,-0.9409401695392471,0.868835528180703
120,1.0,0.0,1.5395428346286473,-3.308488067655664
121,1.0,0.0,0.25196677169621945,-2.262289796229081
122,0.0,0.0,-2.3712172396724274,-0.15894286239056096
123,0.0,1.0,-0.1845917623449238,2.6701193165495067
124,0.0,1.0,0.6417784346920758,3.6573566723013764
125,0.0,1.0,0.8540557423621388,4.578633016140212
126,0.0,1.0,1.2549811506119548,1.242108119334446
127,1.0,0.0,-0.0013274464637155166,-2.3658305083338225
128,0.0,0.0,-3.086633907137547,-0.9482630580702788
129,0.0,0.0,0.18365701955992478,-1.991579986103859
130,0.0,0.0,-2.9345062265469704,-1.5590661668276586
131,0.0,0.0,1.7396878592705396,-2.402953658694878
132,0.0,1.0,0.31900538448357557,2.0143119371078564
133,0.0,1.0,0.22801995228707736,3.4324700883641706
134,0.0,1.0,0.03272080870393996,2.2254145902930342
135,0.0,1.0,-3.4129520858356615,-0.2995791947444949
136,0.0,0.0,-2.976457473104107,-1.4562088768241759
137,0.0,0.0,-0.3017756080447031,-0.21284321451248206
138,0.0,0.0,-1.046171951802073,0.805107474536325
139,0.0,1.0,-2.107712354789508,1.679749198874644
140,0.0,1.0,-0.312901338661354,2.819743213252128
141,1.0,0.0,1.4026511046180732,0.934306621822577
142,1.0,0.0,3.513617143157351,-0.28283199116700514
143,1.0,0.0,1.823287389858582,0.5824621581103344
144,0.0,0.0,-2.7713112398598607,-1.7235778245920401
145,0.0,0.0,-3.035409041543697,0.009374546204920967
146,1.0,0.0,-0.0651463002443463,-0.13471948065818956
147,1.0,0.0,0.4418052379848245,-3.4385174863203614
148,0.0,1.0,-1.3970254555921586,0.4950990212504627
149,1.0,1.0,1.2519069612496485,0.361483541885947
150,0.0,1.0,1.4691825496015047,1.5646375618716486
151,1.0,0.0,0.4818045119310281,-2.6640474572286132
152,0.0,0.0,-0.924273828102395,0.0731391874406997
153,0.0,1.0,-3.413753516736518,0.2455287209470359
154,1.0,0.0,-1.4035750872817314,-3.677936960192788
155,0.0,1.0,0.21890728280245897,0.3525544202507246
156,0.0,0.0,-1.0276700298760078,-0.1462838720181619
157,0.0,1.0,0.6634183272371691,4.2561071287280425
158,0.0,1.0,-4.205796623641411,1.0287495138208362
159,1.0,1.0,3.920953394447124,2.003496974910232
160,1.0,0.0,2.9012359176884757,-1.4212522748783019
161,1.0,0.0,3.519367848149139,0.8652253947926697
162,0.0,1.0,0.178672455187772,2.547132323415017
163,1.0,0.0,-2.9357113611536456,-1.069953817812831
164,0.0,1.0,-1.692058078194166,2.0431331083642514
165,0.0,1.0,0.4870445258578551,-0.6273687401660349
166,0.0,0.0,-1.1518845632163002,-1.9721666502362956
167,1.0,1.0,0.3520295247469871,0.16735657353153138
168,0.0,1.0,-2.609419896612619,0.3518272349113523
169,1.0,0.0,1.1458677384781113,0.048936735697309795
170,0.0,0.0,-1.2657336365769916,-1.967734580952003
171,1.0,0.0,0.6055961980728177,-2.225376605520495
172,0.0,1.0,-0.6449991517940271,-0.31834243148589964
173,1.0,0.0,0.9997106591608227,-1.224965829513967
174,0.0,1.0,0.48386906664351875,2.2877826493442854
175,0.0,1.0,-1.035925137353829,2.2734732959019404
176,0.0,0.0,-1.6914513154196202,-0.6329616505843928
177,0.0,0.0,-0.6613278861268423,-0.2630966286051651
178,1.0,1.0,2.9765149469694347,1.599296683700819
179,0.0,1.0,-1.8205493607256389,3.413736782433725
180,0.0,1.0,-0.4956125989221054,1.9427147420979327
181,0.0,1.0,-0.9005914200804845,4.516855864309046
182,0.0,0.0,-0.850259859128276,0.0401204399388613
183,0.0,0.0,-1.1717047505031384,-0.6951324175172964
184,0.0,0.0,-2.2648506533959374,-0.7530943305970663
185,0.0,0.0,-2.6156286473331543,-1.4256081669105356
186,1.0,1.0,3.3179187157028096,0.9832029364714605
187,0.0,1.0,-0.9440959656189035,2.761843919723229
188,0.0,1.0,-0.9082736710920313,0.5234647177822882
189,1.0,0.0,-2.2141737857447445,-1.0841367829618942
190,1.0,1.0,1.599490921837967,2.6049924861221547
191,1.0,1.0,2.371118869821395,-1.8758925608810588
192,0.0,1.0,-2.4694615948891583,1.3615799203993768
193,1.0,1.0,0.9459630642561118,1.4241738730596831
194,0.0,0.0,-1.3145588866399611,0.037302579890779584
195,0.0,1.0,1.2196015840764916,1.3947606840680478
196,0.0,0.0,-1.1713533717281635,-0.7362290758296458
197,0.0,1.0,0.36875293153540384,-0.9721529993562046
198,0.0,0.0,0.41169282276419966,-0.6880822998799874
199,1.0,0.0,0.13599771253048995,-2.75983020956318
200,1.0,0.0,2.2905934461726525,-2.924349801196709
201,1.0,0.0,0.461195767275253,0.11342340366715872
202,0.0,1.0,-1.6793958874591606,0.8218651809047831
203,0.0,1.0,-3.590237337093488,1.6085806855955078
204,0.0,1.0,-0.4510369071255464,1.0623308301299148
205,0.0,1.0,-2.9455380665430195,4.331163836389446
206,0.0,1.0,0.033671303563782486,2.2490020482596225
207,1.0,0.0,1.7333432490051646,-1.6699594302366263
208,1.0,0.0,0.9022633362396462,-0.5266553584935906
209,0.0,1.0,0.6040887587832471,2.590071402440631
210,0.0,0.0,2.3526424914231105,0.4004918560061701
211,0.0,1.0,-1.46705010653032,-0.04295300817045021
212,0.0,0.0,-1.8820972239156772,1.135727559751652
213,0.0,1.0,-1.7551245097266697,0.3267293916447376
214,0.0,1.0,-2.135087549908135,1.5176945695306683
215,0.0,0.0,-1.649990567974113,0.3069937073658462
216,1.0,0.0,-1.1821347570155214,-1.4926084947530232
217,0.0,1.0,-0.952051297307089,0.8635471624012957
218,1.0,0.0,1.266172450643728,-1.4773544547496769
219,1.0,1.0,0.9368383679068323,1.2182291077890628
220,1.0,1.0,4.315011683069299,-1.896274955686426
221,0.0,0.0,-2.6800234718753106,-1.5632713504417368
222,0.0,1.0,0.699248919529049,2.684648123347028
223,0.0,0.0,-1.5171222848319716,-1.8346033168451408
224,1.0,0.0,1.76929132219546,-1.78221146195772
225,0.0,1.0,-2.3471657105411707,1.5357667305753222
226,0.0,1.0,-1.451053467657325,5.273572025010317
227,1.0,1.0,1.6521798756757637,-1.1168592643424382
228,0.0,0.0,1.178078110269117,-1.9170916550871484
229,0.0,0.0,-0.9646939107231538,-2.351167131437978
230,0.0,0.0,-1.2438823059988504,-2.289346216532948
231,1.0,0.0,2.7477171508884726,-1.8160974217301404
232,0.0,1.0,-0.4184268494099353,0.4979520360420346
233,1.0,0.0,-1.0356103439535882,-2.8242926066646143
234,1.0,0.0,2.940397827668903,0.41025766143759307
235,0.0,1.0,3.1640700059905122,1.2699344388210287
236,0.0,1.0,0.8666645544447416,1.2290100370990125
237,0.0,1.0,0.3478578515735162,0.268554906850851
238,1.0,0.0,4.057939952576069,-0.1800187951687569
239,0.0,1.0,-0.32283307927330984,1.6363797058417915
240,0.0,1.0,-0.09383114988643687,0.14606781078204775
241,0.0,1.0,0.4740846505354633,1.408072905693629
242,1.0,1.0,3.3737526382338676,0.23020379722103848
243,1.0,0.0,-0.6308763955294479,-1.296410446732795
244,0.0,0.0,-2.4554675639066477,-1.7917464830059704
245,0.0,1.0,-2.1307931086299052,4.969656308875379
246,0.0,1.0,-2.4563896162525967,0.9299036506593258
247,1.0,1.0,1.2218701143297903,0.3380338411157553
248,1.0,0.0,5.663382676004921,1.0552781129204345
249,1.0,0.0,2.850877887376082,-3.0082401020799154
250,0.0,1.0,2.334770200731532,1.532558454129137
251,0.0,0.0,-1.635805355460649,-1.9631373735445097
252,1.0,1.0,-1.7054135321144688,3.4589681190804624
253,1.0,0.0,0.6848333098011892,-1.243850781086708
254,0.0,0.0,-2.661888636423572,-3.269192189871974
255,1.0,1.0,-0.5305399556149166,-0.30291918805575013
256,0.0,1.0,0.17526283586651528,0.04500336792667446
257,0.0,1.0,0.696758492381294,2.929633892613647
258,1.0,0.0,1.331042433009728,-0.20980578751172643
259,1.0,0.0,0.32909310638137007,0.5877144030723499
260,0.0,0.0,-0.19174128062544063,0.557930428025799
261,0.0,0.0,-0.33117113693824723,-1.1505902780936066
262,0.0,1.0,-1.1430083118502126,3.7659220173521573
263,0.0,1.0,-2.4379159092973635,0.3670028912045373
264,0.0,1.0,-2.099866856015383,0.8238011918591646
265,1.0,0.0,0.19829363683022722,0.13790379726174293
266,0.0,1.0,-2.389286265603286,1.904334212935198
267,1.0,0.0,-0.32631683302739883,1.1619329870030923
268,0.0,0.0,-1.8823350964118788,1.2145814478865464
269,1.0,0.0,-0.8414458081727665,-0.16120510935906165
270,0.0,1.0,0.3900811299752351,0.8227375330600983
271,1.0,0.0,3.00853365599605,-2.2517579687416807
272,0.0,0.0,-4.023956169369081,0.4798183277846546
273,0.0,0.0,-0.3281093338640284,0.7280523119356991
274,0.0,1.0,-1.3770399660423005,3.185308234741357
275,0.0,1.0,-0.03306429461540283,1.34801758843828
276,0.0,0.0,-2.4593370567088817,-0.27926765013280047
277,0.0,1.0,-3.0067403851990964,1.2777126687288547
278,1.0,1.0,3.962346977613859,1.887458403132594
279,1.0,0.0,2.917486625268463,-1.6197524051712093
280,1.0,0.0,1.0159677483496392,-3.6137453279707716
281,0.0,0.0,-1.3547691170233322,0.2732039285193304
282,1.0,0.0,3.8374347300225624,-3.0712765102918596
283,1.0,0.0,1.3261102740097295,-1.3324295634683818
284,0.0,0.0,-3.712458154669559,-5.700585527761438
285,0.0,1.0,-0.16967378103412867,3.131432357648553
286,1.0,1.0,2.6550507180644645,-0.012421140301175472
287,0.0,0.0,-0.4726527045167842,-1.6016798509029786
288,0.0,1.0,-3.624827570378808,1.386048518027276
289,1.0,1.0,2.424079806719157,-0.168833515914949
290,1.0,0.0,0.395413511704205,-1.2215919125625847
291,0.0,1.0,0.3398217441016486,3.333498927318983
292,1.0,0.0,2.3413141876997097,-2.0756682095396775
293,1.0,0.0,0.671755174437601,-3.719429586123233
294,0.0,1.0,-4.3553197568231585,1.1464073101531638
295,0.0,0.0,-2.6516672210801593,-2.5342690673190487
296,0.0,0.0,-3.6684188420720916,0.49403861594463383
297,1.0,0.0,2.502529493185349,1.1738011225908558
298,0.0,1.0,-2.7050275578532803,2.723736639794575
299,1.0,1.0,1.6147719143475878,0.1399373671486368
300,0.0,0.0,0.0928145654197917,0.05580190932735955
301,0.0,1.0,0.13565328570904142,0.33925019652948657
302,0.0,1.0,-0.7333859800792958,1.6496944606652415
303,1.0,1.0,0.10373090538915741,1.6189984974572833
304,0.0,0.0,0.3407400423326554,0.012606007315788611
305,1.0,1.0,1.5789295727209531,1.8326776881931186
306,1.0,0.0,1.1090854017596237,-6.269221500876429
307,0.0,1.0,-2.2318438594124954,2.9264584249046037
308,0.0,0.0,-2.14778330356665,-2.014671903640523
309,0.0,0.0,-2.2990647871962056,-0.22726851055658623
310,0.0,1.0,-3.3092026405105504,0.45787233319546605
311,1.0,0.0,2.3595163616537866,0.16287106739436671
312,1.0,0.0,-0.216551065630993,-2.371521712130397
313,0.0,0.0,0.952222977066543,0.49050615513981827
314,0.0,0.0,1.0755907102084121,-1.3562605404457073
315,0.0,1.0,1.3420164259275162,6.029588703539257
316,0.0,1.0,-0.8728265634176896,3.7720926399801558
317,1.0,0.0,0.27414961353212663,-1.4527130514352105
318,0.0,1.0,1.4829137806016826,1.988974486126301
319,0.0,1.0,0.02615617386560625,1.434717168635714
320,0.0,1.0,-0.5857370141293845,0.9741687288578745
321,1.0,1.0,3.2238171225993684,2.0558483222326713
322,1.0,1.0,-0.9061909982741042,0.8195711284811165
323,0.0,0.0,1.8188205203068195,-0.9252485190119246
324,0.0,1.0,0.8045116926918684,2.558322481150797
325,1.0,0.0,2.053715338240535,-3.502921326450996
326,1.0,1.0,3.5466924840223335,1.794092590141911
327,1.0,0.0,3.751692878822603,-0.45087649434078686
328,0.0,0.0,-1.441922957229701,-1.6744174693168237
329,0.0,0.0,1.0667285081130227,0.8250940405625921
330,0.0,0.0,-0.917027062458923,-0.38753071761987784
331,0.0,0.0,-1.4198094203881861,-2.5243318961132495
332,0.0,1.0,-0.2465702905850028,2.796650794975331
333,0.0,1.0,-1.3813823402735137,2.4852451664882853
334,0.0,1.0,-1.4272101144420377,-0.1987567319186567
335,0.0,1.0,1.2866946805742274,-0.09018800144657306
336,0.0,0.0,0.1373929037939149,0.9016308192716502
337,0.0,0.0,0.9469085702943443,1.081883874074554
338,0.0,1.0,-0.23907962739472252,2.584855245157602
339,0.0,0.0,1.0316623135320144,-0.3113352904916789
340,1.0,0.0,4.606196694345225,-2.058442332988059
341,1.0,1.0,2.708357285700114,1.9286405470217953
342,0.0,1.0,-0.15818595561397836,5.103750487604358
343,1.0,1.0,0.6769807976316716,0.22947960426183342
344,0.0,0.0,-1.3576083936468069,-3.828676838624846
345,0.0,0.0,-2.3466884129298493,0.14257497442255904
346,1.0,0.0,1.3973561991575956,-4.026356852823894
347,0.0,1.0,-0.4993091726281458,0.6737924784407348
348,0.0,1.0,-0.9118166063304117,-0.018334148158311293
349,0.0,0.0,0.8626954652511805,-0.6273417862611921
350,0.0,1.0,0.32702607031840075,-0.3333623197792037
351,0.0,1.0,0.24537939278990323,0.5344375458853944
352,0.0,1.0,-1.5662318138466549,1.2801295356422446
353,0.0,1.0,-3.3291908632339786,0.881579160019435
354,0.0,0.0,-4.091981681823979,0.059512594685896675
355,0.0,1.0,-3.419896938997405,-0.17032548221979946
356,0.0,0.0,-2.807145355185687,-1.5237262854459757
357,0.0,1.0,-1.417267730299573,2.7528899682961723
358,1.0,0.0,0.18181934575306524,-2.0771399133662105
359,1.0,1.0,2.6973808706248787,1.2578618454777937
360,0.0,0.0,1.6089894411121037,0.7140961284501494
361,0.0,1.0,1.2520971596512345,0.8393207606731191
362,0.0,1.0,-0.4917506638583939,0.12628745927828852
363,1.0,0.0,2.06663438056702,0.05343542218470024
364,1.0,1.0,2.37292300906239,2.7462495743309225
365,0.0,1.0,1.0298267393580012,0.30547860328282533
366,0.0,1.0,-1.030258006636492,0.6881939326167003
367,0.0,0.0,-0.5051198595248643,-1.4381233154334487
368,1.0,0.0,0.7997684901865337,-0.6920711859666038
369,0.0,0.0,-1.8472848365702352,-0.6527776735289554
370,0.0,0.0,1.4010009140335917,-1.0115029496036367
371,1.0,0.0,1.6542757259524115,-1.7373867091450395
372,0.0,1.0,0.4705006380561475,2.17593374938549
373,0.0,0.0,-1.6892303675813882,-1.5308268782865915
374,0.0,0.0,-1.7038593070454933,-2.2265630871182935
375,1.0,0.0,3.642101584464488,-0.21004579885384994
376,0.0,1.0,1.0817670950510385,0.5608317879731892
377,1.0,1.0,4.011111416589857,2.3038597871056172
378,0.0,1.0,1.2441442414278254,1.2314948872942704
379,0.0,0.0,0.7313144685568523,-4.418839435178409
380,0.0,0.0,-1.7103083250453228,-1.5532319948665463
381,0.0,0.0,-2.0904458546736535,-1.4559786980194624
382,0.0,0.0,-0.10495286711357713,-0.14306715198595418
383,0.0,1.0,-2.1004340326377773,2.114099802521666
384,0.0,0.0,1.20238990483853,0.7401702393117411
385,1.0,0.0,1.5326228916179898,-2.015251980129883
386,0.0,0.0,0.8935804423582947,-1.9711441091067887
387,1.0,0.0,2.0659230355869167,0.424599940412786
388,1.0,0.0,1.9463785030905738,-1.2867748219670818
389,1.0,1.0,1.7494738359614281,1.0794898237851585
390,0.0,0.0,-1.4226529485684682,-1.875851951413281
391,0.0,1.0,1.107211403760243,0.408630496466321
392,1.0,1.0,-0.8221538532003249,0.48610879316436534
393,0.0,0.0,-2.693912121020286,-0.031558134545198076
394,0.0,0.0,-0.5640009212154297,-0.04367568542075889
395,0.0,0.0,-1.8238351068567427,-1.99092928380877
396,0.0,1.0,-2.036795604701453,0.894139758888724
397,0.0,1.0,-1.8991835128578158,1.5608040048895584
398,1.0,0.0,4.738721244562964,-2.17691878946181
399,0.0,0.0,0.3592623816526957,-2.3380198910160956
400,1.0,1.0,-5.997823646487226,-0.4738141362696436
401,1.0,1.0,2.3870643421349094,1.3286462218412158
402,0.0,0.0,-0.341197961176238,-2.1298548971248534
403,0.0,0.0,-2.546376677905302,0.10667514753963397
404,0.0,0.0,1.181829103623291,0.5070890404498894
405,0.0,1.0,-0.29599305305432555,0.11565814208264243
406,0.0,0.0,-3.611025267817517,-0.4443089267781071
407,0.0,1.0,-0.6492767322452255,4.451877297831543
408,1.0,0.0,1.7480807281008741,-0.6733199748769876
409,0.0,1.0,0.32369423662735747,1.093236375187673
410,0.0,0.0,0.010965752580300503,0.1278548211715576
411,0.0,1.0,1.581934931654852,1.6701901291423231
412,0.0,0.0,0.377156112032546,-0.2349986685582264
413,0.0,0.0,1.6674500602239268,0.18794426957657012
414,0.0,1.0,-3.0335846174127203,0.6848651546135963
415,1.0,1.0,1.491420496568584,0.3894159903664299
416,1.0,1.0,3.478954419485338,4.692107201066512
417,0.0,1.0,0.25370684531867665,0.7064727541730891
418,0.0,1.0,-1.67950557280825,4.302246250594375
419,1.0,1.0,1.4282608189507708,0.9554173537504204
420,0.0,0.0,-0.5462422676060149,-1.2083221620071274
421,0.0,0.0,-1.9465998198583092,-1.5554708617279167
422,0.0,0.0,-1.597851824930057,-1.517423545304704
423,0.0,1.0,-4.105485281865763,2.6422087867981707
424,0.0,0.0,-0.2796717548689281,-1.7343913388577756
425,1.0,0.0,2.2010846857570527,-2.194108378622842
426,0.0,0.0,-3.4418158000887598,-0.9645196965333644
427,1.0,0.0,-1.985429217739186,-2.3248096438360655
428,0.0,0.0,-1.3143955555569051,-1.9238928666858293
429,0.0,0.0,-1.4826362822458157,-2.341132332028171
430,1.0,1.0,1.8302899191905162,0.9271843023386198
431,0.0,0.0,-4.250323299954787,-1.745127448172373
432,0.0,1.0,1.8546456487350131,1.1005865659676537
433,0.0,1.0,-1.0398083452113398,0.9783763224509123
434,0.0,0.0,0.7104545881089559,-0.8814799166294797
435,0.0,0.0,0.7951228110042285,-0.5742050569418087
436,0.0,1.0,-1.248069356267976,-0.15784585643546598
437,0.0,0.0,-1.5097280467404754,-0.03969785308460681
438,1.0,0.0,0.7094739383140187,-1.7213381851106497
439,0.0,1.0,1.039155411187917,-0.0049468995013670775
440,0.0,0.0,-0.5737090598076824,-0.10903020045417143
441,0.0,0.0,0.7726506718329957,-0.20077822325937897
442,0.0,1.0,2.9208963444671254,5.454990979253995
443,0.0,1.0,-0.8588707080350566,0.5427219511338832
444,1.0,0.0,0.3246093043280463,-2.2958072263794054
445,1.0,0.0,-0.9092351728856312,-0.3235913700282969
446,0.0,0.0,-2.3598396228948495,0.5191754563627888
447,0.0,1.0,0.6423851570075163,2.0800360509991593
448,0.0,0.0,1.2136957644597974,1.9089816347126358
449,1.0,0.0,3.4781773722800042,-5.095236570712176
450,0.0,1.0,-0.7079461755171702,5.066330328132611
451,1.0,0.0,2.6017947357276805,-3.0534483125142815
452,1.0,0.0,2.828263616166335,0.240006377785667
453,0.0,0.0,-2.9463285225542712,-0.9770637330065336
454,1.0,1.0,1.8286861876190623,2.715693808724506
455,0.0,0.0,-0.002378395952897782,-2.021851880112935
456,0.0,0.0,-1.444120893962692,-0.6095052751632472
457,1.0,0.0,3.1048216498600016,0.519616730257546
458,0.0,1.0,0.5173310174281903,0.7804112622424603
459,0.0,1.0,2.0715128607155093,0.9275945811896844
460,0.0,1.0,0.04293069133913079,3.119065258389415
461,0.0,1.0,-3.5021784318446936,2.486599078127672
462,0.0,0.0,-1.6003781955729057,-2.8792042913472886
463,0.0,0.0,0.21402867167090894,-3.513413975823802
464,1.0,0.0,1.018914665762864,-0.9068528904251635
465,1.0,1.0,5.0380488249064275,2.021291539854588
466,0.0,0.0,0.7322670850591415,0.01408663159813484
467,0.0,0.0,-3.931646159514838,-1.5091014913890228
468,1.0,1.0,3.983545446087691,3.2210851236933578
469,0.0,0.0,-1.246154101396665,0.7854258055850868
470,0.0,0.0,-1.8632309867438699,-0.3052805962002593
471,1.0,1.0,1.5609783100790096,1.3996989084104405
472,0.0,0.0,-0.12009185809064049,-2.474722696260232
473,0.0,1.0,2.2419975487978365,0.6840766928985044
474,0.0,0.0,-1.201002496731053,-5.353039799323946
475,1.0,0.0,3.9923027717328305,-3.1696732919960344
476,1.0,0.0,1.6726569296032545,-1.4274193947483693
477,0.0,0.0,-1.8710271927051034,-1.569130285759821
478,0.0,1.0,-1.6294315848152305,1.8139641614667756
479,0.0,0.0,-0.004736273070324065,0.1581412372310918
480,1.0,1.0,4.607470624732556,2.5562926637817456
481,0.0,1.0,-0.8596369080794306,1.5914640604377048
482,0.0,0.0,-4.272939434382936,-2.4901859294358344
483,1.0,1.0,4.361368715026727,2.2351246250118244
484,0.0,1.0,-0.3334281082919526,4.912326279073701
485,1.0,1.0,1.9447788384208564,1.9828900920892536
486,0.0,1.0,-0.9562463127198616,1.8149353026133572
487,0.0,1.0,-3.54128031887613,0.9344566095430169
488,0.0,0.0,-5.478304467891206,-0.38770741783948964
489,1.0,1.0,4.289885322623185,1.0110391724144232
490,1.0,0.0,3.460769124663776,-2.874797241566385
491,1.0,0.0,0.33991377824960867,-2.1809494382769556
492,0.0,1.0,3.2718707352199043,0.966948162494746
493,0.0,0.0,0.38668807919268205,-2.007856204517118
494,0.0,1.0,-0.3922143786025043,0.9985100926070006
495,1.0,0.0,0.5239086495865225,-1.7871284966512737
496,0.0,0.0,-5.287346661853595,-4.230941343531178
497,1.0,0.0,1.1211092043771702,-2.401776466481594
498,1.0,1.0,3.3196117380313743,-0.021978657662115327
499,1.0,0.0,2.9330526919344626,0.20989091176274483
500,0.0,1.0,-2.228566394218955,1.1476547355959656
501,0.0,1.0,-0.7344305300033761,2.154681320396707
502,1.0,0.0,-2.3771414120524557,-0.375833814185043
503,1.0,1.0,3.3980111559059294,1.327901093602214
504,1.0,1.0,2.6927692690757303,3.6901753385563447
505,1.0,0.0,2.6248564656543873,0.7578343921477866
506,1.0,1.0,1.8482251783921675,-0.44204988075906737
507,0.0,0.0,-0.6198042489433362,-1.9278681598978336
508,0.0,1.0,1.1103233429941177,1.548586571453086
509,0.0,1.0,-0.34924133258576334,1.3861664777354905
510,1.0,0.0,1.1524782395619646,-2.6626411721612993
511,1.0,1.0,2.6208340462050654,1.2810297285762275
512,0.0,0.0,-1.1199399957761502,-0.3093494187122093
513,0.0,1.0,-0.714159834242494,2.1006938159445756
514,0.0,0.0,0.18250672548253208,0.5492424019363867
515,0.0,1.0,-1.456393422945059,0.5195392936819437
516,0.0,0.0,-4.501949696872746,-2.322612129975892
517,0.0,1.0,-2.312420476361662,3.4914162266443607
518,0.0,0.0,-1.014863417450162,-4.099442874713655
519,0.0,1.0,1.4233626379092452,1.5919826802030708
520,1.0,0.0,-0.010297374230555071,-2.3354637418049102
521,1.0,1.0,4.432941583439387,-0.4088615512826169
522,0.0,0.0,-3.055449734769722,-1.3797098806416834
523,0.0,1.0,0.9112110370104832,1.8804035686182492
524,1.0,1.0,0.8088912980840397,1.6535591284111484
525,1.0,0.0,2.600350230118545,-1.5777037071616835
526,1.0,0.0,-0.050541516990852416,-1.1211746301525245
527,0.0,1.0,-0.7581916939358724,1.8154516776628205
528,0.0,1.0,0.6066832773937538,4.045348266551389
529,1.0,1.0,1.4059452467257882,1.2571260008860714
530,1.0,0.0,0.8587535031308996,-1.5359466228820136
531,0.0,0.0,1.7899230395648327,-0.9215052921660295
532,0.0,0.0,-1.4361657322484167,-3.1651378228841387
533,0.0,1.0,-1.5934677259191463,1.1916840108324498
534,1.0,1.0,0.4463643256866264,2.2864110587482216
535,0.0,0.0,-0.5184994952189641,0.6370572145790392
536,0.0,0.0,-1.8729388704322478,0.3300967658155931
537,1.0,0.0,2.904054242518639,-2.903145384211383
538,1.0,0.0,0.9908199614867408,-0.2945860854975421
539,1.0,1.0,1.9103261098510669,2.6212331786453906
540,0.0,0.0,-3.6973728364803087,0.29416759638369316
541,1.0,0.0,1.1613415912770468,-2.336106006635949
542,0.0,1.0,-2.0883039488443007,0.8147381703461893
543,0.0,1.0,-1.6729221257954165,2.015510124117337
544,0.0,0.0,-1.8092343825691106,-2.627394584427224
545,1.0,1.0,2.559887459823542,3.39043046456937
546,0.0,1.0,1.1729426086304584,4.483352011032085
547,1.0,1.0,2.3792606469809248,1.3691729895361502
548,0.0,0.0,0.8629320819182087,-3.0302523318274512
549,0.0,0.0,-2.2065894767215046,-0.9046765684892037
550,0.0,0.0,0.7498941850875331,-0.6923170921517401
551,0.0,0.0,0.3501502572526214,-0.7146051594054954
552,0.0,0.0,-0.42246150960933904,-1.2468064099588172
553,1.0,0.0,-0.44151315644848793,-0.738812659295042
554,1.0,1.0,2.994171157241434,1.286957254039252
555,0.0,0.0,0.6007186926835534,-0.6630690924729774
556,0.0,1.0,-0.9720818809313237,0.038390920832215014
557,0.0,0.0,-2.7150326013802237,-5.006141502737302
558,1.0,1.0,3.9624356586635274,2.008397574845928
559,0.0,1.0,2.2624648272819385,2.6642744182769995
560,0.0,0.0,-0.007199530695055885,0.5888064521060523
561,0.0,0.0,-1.892822777714352,-0.7624439181492585
562,0.0,0.0,-2.7655091582438454,-0.9634971007221004
563,0.0,0.0,-0.4397375785441317,0.12149027296463792
564,0.0,1.0,-2.150619560289364,1.1785870153419764
565,0.0,1.0,-3.209592579908897,1.020814933388139
566,0.0,1.0,-1.1646121051720768,1.7237381830959873
567,0.0,0.0,-1.139058926747842,-2.9863091966469204
568,0.0,0.0,-1.9450666524602396,-1.043288218142246
569,0.0,1.0,-0.13741429962242085,0.010205946808648385
570,0.0,1.0,-0.6260885162734922,0.4483504101065515
571,1.0,1.0,-0.1948359086485506,-1.2471602435535705
572,0.0,0.0,1.1000624482025545,-1.6895604758170442
573,0.0,1.0,-0.2065110041838017,3.1244690578197543
574,1.0,1.0,2.9253072702489162,0.8027871503741579
575,0.0,0.0,0.8324792346287619,-0.7755755580535878
576,0.0,1.0,-1.8867212218738436,0.32781083947796946
577,0.0,1.0,-0.2095782447462548,2.442181402938861
578,1.0,0.0,2.6179649644335425,1.1434502414570487
579,1.0,0.0,4.50524878358279,0.5959555534995427
580,1.0,0.0,2.449488428527747,-0.02183036097462122
581,1.0,0.0,1.872003220840506,-3.723862062549753
582,1.0,0.0,2.171006123531642,-1.1811902340966731
583,0.0,0.0,-2.567619631999862,-2.7616375928674133
584,1.0,1.0,0.5465745041471232,0.002152648406724478
585,1.0,0.0,0.8019256422270723,-2.606549108492506
586,0.0,0.0,0.9834452286920207,-0.6236358644058068
587,1.0,0.0,0.8577770610308167,-3.885137211003551
588,1.0,0.0,2.7090168015875085,0.5465972545468971
589,0.0,1.0,1.5232102205208415,2.281859051346969
590,1.0,0.0,3.6696817716348225,0.8877342193939316
591,0.0,1.0,-2.765960310134966,1.41221144876986
592,0.0,0.0,-0.5858634511815651,-1.2025573996007533
593,1.0,1.0,-1.1227831996282998,0.8824592695025683
594,1.0,1.0,4.128141661832999,2.193029416008341
595,0.0,1.0,-1.518777041001056,1.5376722051364011
596,0.0,1.0,-2.8193762507863207,2.5130588621462335
597,0.0,1.0,-0.5456917678334168,5.541084530284498
598,0.0,0.0,1.823157806745917,0.24068665742485137
599,0.0,0.0,-0.0389321152251119,-0.6000984106778687
600,0.0,1.0,-2.6161062408689,1.5843844490392043
601,0.0,1.0,-0.48554736930249953,0.7276433293016249
602,1.0,1.0,1.8886752670881044,2.9884843624518265
603,1.0,1.0,1.2748721337741122,0.5727362127084115
604,0.0,1.0,0.5190660453930488,1.9489542047764465
605,1.0,0.0,1.1680790130308256,0.9080805527210621
606,1.0,1.0,2.732094574159572,0.4960656171559428
607,0.0,1.0,-0.9216032132704868,3.662553101451139
608,0.0,1.0,1.7874368218412429,4.253355805483184
609,0.0,1.0,-0.7613722765230226,3.7415521642575325
610,0.0,1.0,1.8817180410411034,1.946949400797079
611,0.0,0.0,-1.866259843387512,0.2474312598606754
612,1.0,0.0,-0.022636493000252198,-3.5344212405532085
613,1.0,0.0,3.5508374619122165,-0.7682055027172753
614,1.0,0.0,0.08225636954007635,-1.8633421224281983
615,0.0,1.0,0.34114464555915375,1.6767925559620498
616,0.0,1.0,0.8209748896005566,0.8186924005601269
617,0.0,1.0,-0.9615350020970864,1.1143812288892225
618,0.0,0.0,-1.217378112773486,-0.1396056615238229
619,0.0,1.0,-0.37758319268449286,0.7729170254629408
620,0.0,0.0,1.5457545200403429,-0.09044013494723316
621,0.0,1.0,0.2518793163564215,-0.24208004463755847
622,0.0,0.0,0.6291598030757882,0.6051400182659679
623,0.0,0.0,-2.225837385922965,0.9835342659682595
624,0.0,0.0,-0.06930184936444415,-1.9870606178048027
625,0.0,1.0,1.8164668078120774,4.7606044434842225
626,0.0,1.0,-2.317485543726606,2.58211795083403
627,0.0,0.0,-1.048057580794265,-0.33777362110886305
628,0.0,1.0,-1.3135340365663872,1.4202897162284946
629,0.0,1.0,-1.1297808875529458,-0.008182268687860976
630,0.0,0.0,-1.8713560696434008,-0.014139846541939114
631,0.0,0.0,2.2208514849494017,-2.0399190272210963
632,0.0,1.0,0.29722412692103306,0.6545340257551793
633,1.0,0.0,-0.30054165276592404,-3.1488630133762205
634,1.0,0.0,0.1146021488626836,0.4407766543344338
635,1.0,0.0,2.4379606396487246,-3.0555260411964507
636,0.0,0.0,-0.9300678480565283,-4.6212750331945065
637,0.0,1.0,-5.091921174571149,0.31309942314062833
638,1.0,0.0,3.184917664738309,0.43304542511772554
639,0.0,1.0,-4.061129584663054,0.7148666902597727
640,0.0,0.0,-0.9888590696091714,-0.21749670724841003
641,1.0,0.0,1.0331692327574293,-0.8218353320662998
642,0.0,0.0,-2.2335132824452497,-1.0591347664327486
643,1.0,1.0,1.4942631537316806,1.2434455725338798
644,1.0,1.0,3.0077004437871864,2.1672271827334875
645,1.0,0.0,3.918398967257938,-2.1881140655919418
646,0.0,0.0,-0.6129351792401837,-0.7823795433662352
647,0.0,0.0,-1.6187104317420875,-0.8387769204377233
648,1.0,0.0,-1.78778422685252,-0.9075298842305571
649,0.0,0.0,-1.4391308727246812,-2.3110273422702683
650,1.0,0.0,1.5577087059681396,-1.0537399550653395
651,1.0,1.0,0.44268273048365725,3.3373099020544412
652,0.0,0.0,-2.2936102079620126,-3.732237519630505
653,0.0,1.0,0.7692395002729594,0.6834815585337265
654,1.0,0.0,4.6824362791960565,-0.9297048187519666
655,0.0,0.0,-2.335104142833429,-0.8714154009153215
656,0.0,1.0,-0.36449579852527586,2.3895361548638494
657,0.0,0.0,-0.5038650816300423,-0.7509143393449614
658,1.0,1.0,3.74065271426741,3.814378416002375
659,0.0,1.0,2.034697547477725,2.226205184138845
660,0.0,0.0,-0.37586455248465883,-3.32626148707542
661,0.0,0.0,0.0888291586229614,0.08076783536861147
662,1.0,0.0,0.9523335607951698,-3.3508336365521143
663,0.0,0.0,-1.9540006391330553,-3.4367744460008316
664,1.0,0.0,1.7597181757630553,-3.872296272069683
665,1.0,1.0,2.697970415248232,3.1428175307674784
666,0.0,0.0,-0.0850503630600515,-0.9693592311841027
667,1.0,0.0,-0.07861168818710244,-5.997857037423488
668,0.0,1.0,0.40235097605877407,0.8287223934663862
669,1.0,1.0,0.9056898345863397,-0.08515548126045157
670,1.0,1.0,4.119040398179744,0.9953194898697052
671,1.0,1.0,-0.20195919675406418,-1.1090580702741208
672,0.0,0.0,-0.733275640634258,-1.7197103629826758
673,0.0,1.0,-2.7721331016559665,0.5578468064788855
674,1.0,0.0,-1.1520695442313689,-0.8411553798482755
675,1.0,0.0,1.850224714389344,-0.7339312005733973
676,0.0,1.0,-2.5525133477069377,2.8545438822970377
677,0.0,1.0,-2.1341849137236473,0.45916599962463517
678,1.0,1.0,-0.16766585034722553,1.258756252430293
679,0.0,0.0,0.33552143785407396,0.4824261285404308
680,1.0,0.0,1.9787918871993146,-0.05267296615182824
681,0.0,1.0,-0.6300118051840664,0.7726436618156974
682,0.0,1.0,-0.3823771700235318,1.2631853440627883
683,0.0,0.0,-1.5899760359319144,-2.6312229283251427
684,0.0,0.0,-0.12879376919121807,-3.6278795373120016
685,1.0,0.0,1.3426775066486334,-1.1123595721623682
686,0.0,0.0,-1.3577369700755593,0.24112377441248709
687,0.0,0.0,-2.3375994185805014,-2.20385203437369
688,0.0,0.0,0.1841750706143122,-0.5160353342426868
689,0.0,0.0,-0.01054798085845269,-0.9509105445157443
690,1.0,0.0,1.636080044441809,-0.6266843445344551
691,0.0,1.0,0.15016352652348125,2.8042108199377203
692,0.0,0.0,-3.2535334674432654,-1.6523991469665347
693,1.0,0.0,0.029459946683346373,-3.104311736779821
694,0.0,1.0,-0.8550218533335839,1.728491296080553
695,0.0,0.0,-0.4635209158472855,-2.2436898017251656
696,0.0,1.0,0.3345319755962457,4.845361141442887
697,1.0,1.0,2.8343590957767577,1.2252216862282501
698,0.0,1.0,-0.6643383859885451,1.5306521397802306
699,0.0,1.0,-1.3005079184706339,0.5036633028739435
700,1.0,0.0,3.3227801725488,-0.9347066385238666
701,0.0,0.0,0.8548695105191743,0.7967380002160419
702,0.0,0.0,-1.4428813246674508,-2.068487914443084
703,1.0,1.0,1.6394786372408898,0.6684996755420496
704,0.0,0.0,-0.7016152830615499,-0.6285617289760983
705,0.0,0.0,-2.3512124563162775,-0.5657670426488188
706,1.0,0.0,2.730860820044478,-1.332585540288736
707,0.0,1.0,0.8782798782587706,0.5099718032614489
708,1.0,0.0,-1.3251775360881008,-1.8423157560542913
709,0.0,1.0,0.6257459410716298,1.7097439316573508
710,1.0,0.0,1.7532485148415855,-4.275060807894862
711,0.0,1.0,1.186536319087528,0.15543848522202866
712,0.0,1.0,0.5677251848298701,3.1708142698749313
713,1.0,0.0,1.0506440672721893,-1.9223124077887697
714,0.0,1.0,-0.587236262991272,-0.5322678224708722
715,1.0,0.0,0.44713318898768406,-1.287696622424119
716,0.0,1.0,-0.23015769330921118,2.5241555764518075
717,1.0,1.0,3.7039778570837787,0.04417249204898863
718,1.0,0.0,1.7795247667463583,-0.003698254856948042
719,0.0,1.0,-1.770550478683421,1.4697157584860716
720,0.0,1.0,-1.8238429133494933,0.16853752006477193
721,0.0,0.0,-3.239390457396149,-2.5171731346887287
722,0.0,0.0,-0.45997231846485426,-0.560541519756876
723,0.0,0.0,-0.9275984142822775,-0.8245458115157477
724,1.0,0.0,0.7489343902110881,-0.932298464615603
725,1.0,0.0,4.822248558219278,-0.6419975184395886
726,0.0,0.0,-2.5142978221456076,-1.4430122047845957
727,0.0,0.0,-3.3582137228670126,-1.204072692160648
728,0.0,0.0,-1.1117178725865706,-2.1792640329153135
729,1.0,0.0,1.7802579898697466,0.5207173151269027
730,1.0,0.0,3.387159293705919,-4.398812442502282
731,0.0,1.0,1.7283078297830643,0.37791656573245674
732,1.0,0.0,2.0864642931069306,-1.7088307841113208
733,0.0,0.0,-1.254191512760553,-2.7303846055085286
734,0.0,1.0,-3.2328620165502966,3.1457501260661322
735,0.0,0.0,1.6146377585237435,-1.2616429347644644
736,0.0,0.0,0.45702464411994076,-0.4535017030077769
737,0.0,0.0,-0.4951924304274592,-0.20784282109517616
738,0.0,1.0,0.3780778484104483,4.231013081745933
739,0.0,1.0,0.0791608488386512,2.3510266037273677
740,1.0,1.0,2.6925486470193873,2.0506451133163095
741,1.0,0.0,0.20765036259562294,-1.0292677955721459
742,0.0,1.0,1.0410556087059366,0.11101149131959882
743,0.0,0.0,-1.3323688534060283,-0.880487668471701
744,0.0,1.0,-1.5266047318719767,1.3142767478746211
745,1.0,0.0,-0.4986607191728251,-2.0451068810743016
746,0.0,1.0,-1.2020938752321804,3.9642997958737425
747,1.0,0.0,-0.017336198176273028,-0.5108431900407642
748,1.0,0.0,1.5586830903550204,-2.864097597404129
749,0.0,1.0,0.5257107056893687,3.5056045595917356
750,0.0,0.0,-1.232820889441629,-0.5954245349706232
751,1.0,1.0,1.7697785068686496,1.3142937963257553
752,1.0,0.0,1.8240377066738964,-1.0484631672922642
753,1.0,0.0,0.7954826116312699,-1.8120564800251229
754,0.0,0.0,-4.448010925057661,-1.1813178290947866
755,0.0,1.0,-0.5458622684319681,1.7593108535293633
756,1.0,1.0,0.07786691167941019,0.42486930109332205
757,0.0,0.0,-1.1464434440000995,-1.3639722845653977
758,0.0,1.0,0.6066829576034398,0.7423543736056221
759,1.0,0.0,1.4449873524008163,-2.526654639279402
760,1.0,0.0,0.39331528964199663,-0.9784181098192469
761,1.0,1.0,3.3435049304084083,2.2178196422638647
762,0.0,1.0,1.6647354303684094,3.199399695311333
763,0.0,1.0,1.4028362889935069,2.12504014715759
764,0.0,0.0,-0.46530646440728,-1.3977949166149861
765,0.0,0.0,-3.130947943831934,-0.13371570450931172
766,0.0,0.0,-1.24915426216021,-3.72886223017029
767,0.0,1.0,1.0007670907934967,1.041233687616231
768,0.0,0.0,-2.2798517549216584,0.23046066553059538
769,0.0,0.0,-1.0282057288426458,-0.42806040493182473
770,1.0,1.0,2.575434891289615,4.8055682427297075
771,0.0,0.0,-4.433417210533094,-0.5159606925999576
772,0.0,1.0,-0.6430183891229544,0.5157268619486656
773,1.0,1.0,1.85468701833909,0.929805965554722
774,1.0,0.0,2.4099062393317197,-1.6457574334773757
775,0.0,0.0,0.6124940754806611,-2.148770658383307
776,1.0,0.0,1.5789468148534447,-0.557506988949073
777,0.0,1.0,2.1779416086972745,1.5237386279510885
778,0.0,1.0,1.9505072272804285,3.919477019056951
779,0.0,1.0,-3.5254569327525354,0.9248886566508037
780,0.0,0.0,1.195494526928674,0.721383872681307
781,0.0,1.0,0.3739345162016002,0.3148726672334825
782,0.0,1.0,0.38671126148654855,0.8145442388241052
783,0.0,0.0,0.009344337694952147,-3.7076961212967983
784,0.0,1.0,1.3579466519919163,2.355163245971597
785,1.0,1.0,-1.3858328333266599,-0.43982048406175117
786,0.0,1.0,0.04734424082904928,1.3162412742718266
787,0.0,0.0,-3.0538697991154358,-6.798117342839566
788,0.0,0.0,-1.850121544260636,-1.8576342828577916
789,0.0,0.0,-3.0529546348432843,-0.4834995748734257
790,0.0,0.0,0.6708585837923162,-0.2515973373683994
791,0.0,0.0,-0.36256047107079664,-3.465511586847902
792,1.0,0.0,0.39012820845847357,-1.8352910751002465
793,1.0,0.0,1.6667340306217078,-1.6590021781835014
794,0.0,1.0,-3.0114170617664207,2.066850699671697
795,0.0,1.0,-2.629907212078766,3.5706595407416364
796,0.0,0.0,-0.2985157119320048,-0.37194325526823596
797,0.0,1.0,-2.0210847631623405,2.458445678430942
798,1.0,1.0,2.4105579033298348,2.9891517266447156
799,1.0,0.0,2.2613285666661205,-0.443481970261693
800,1.0,0.0,1.0001737995739226,-2.5226096992092217
801,1.0,0.0,1.9686379671455791,-1.0055708567708004
802,1.0,1.0,3.184653443970574,0.29802897539011364
803,1.0,0.0,1.0318605286240112,-2.7977782442720858
804,0.0,1.0,-1.6123847552890374,1.2933692058710187
805,1.0,0.0,2.2087429266339833,-2.7743962447614434
806,0.0,0.0,-0.29310033721297746,-2.765988460690128
807,0.0,0.0,0.29379346097490255,-1.030630763587539
808,1.0,1.0,1.669577075917365,1.6867332157589834
809,0.0,0.0,-0.33384715328015974,-0.5362188897622958
810,0.0,1.0,-1.5253999895947865,4.197339507878599
811,1.0,0.0,-1.21338171626652,-5.887667129901497
812,0.0,0.0,-3.911262573280768,0.03213337927263284
813,1.0,0.0,-2.1791476630892745,-3.8662061491560875
814,1.0,0.0,0.7511510689764254,-2.302777153123162
815,1.0,1.0,1.5668149616557443,1.4744201796647036
816,1.0,0.0,1.6343933379737365,-3.5653409112688283
817,0.0,1.0,1.188587261798741,1.5766659725876697
818,0.0,1.0,-0.49053598806136406,0.37478254639976366
819,0.0,0.0,-3.6007201266422846,-0.1222956599160338
820,0.0,0.0,-1.771557932328752,-3.0077051651047366
821,0.0,1.0,-0.34802789386792987,2.1565442229453136
822,0.0,0.0,-2.8245956581318374,-4.188908371829192
823,1.0,0.0,1.329236656795035,-4.2061488274937915
824,0.0,1.0,-1.927809949621981,0.981811384262458
825,1.0,0.0,-0.24750768545272062,-2.0197847573333734
826,0.0,0.0,-1.0393472481113895,-2.698019479034232
827,0.0,1.0,-1.3233418505278853,-0.3524913018831792
828,0.0,0.0,-1.2176215988583645,-5.562159039011875
829,1.0,0.0,2.2494958791214548,-1.611423390798655
830,0.0,1.0,0.586159713051788,3.764259840154398
831,0.0,0.0,-1.1042797631546386,0.06467960256516962
832,1.0,0.0,0.5853029750168277,-1.4135803581595547
833,0.0,0.0,-2.4252526091162308,-1.511128570765067
834,1.0,0.0,-1.1268802894790249,-0.6892014828550395
835,1.0,1.0,-0.4916366611934977,0.5797976425237539
836,1.0,0.0,4.42272996650368,0.48343551687706626
837,0.0,1.0,-1.0639814602902857,1.5166233902535515
838,0.0,0.0,-0.5824757629625473,-2.044383120315663
839,1.0,1.0,-0.4666423537194927,0.22811384006141208
840,1.0,1.0,3.087566511734446,1.9396723361849164
841,1.0,1.0,2.8051038561653896,2.876430388769496
842,1.0,0.0,0.21428584806248627,-2.5195415038663933
843,0.0,1.0,-0.60823851357864,1.3903987505551572
844,1.0,0.0,1.5658298311569545,-0.2058456117881312
845,1.0,0.0,-0.04797037331663633,0.9217820417002028
846,1.0,1.0,1.4364294068733663,1.7011045819801698
847,1.0,0.0,3.2360134094755857,-1.3012240264946562
848,0.0,0.0,-2.971829426430196,-0.9215162597541938
849,0.0,1.0,1.6108627671291367,4.1477090547987325
850,1.0,0.0,0.9024451105248475,-2.745357271020511
851,1.0,1.0,4.644094675723436,0.5056237395367452
852,0.0,1.0,-0.28953747902843496,1.9099584291789402
853,0.0,0.0,-2.2744280140011055,-1.3670385931514983
854,1.0,0.0,2.6344830889207183,-0.13136219028376125
855,1.0,0.0,2.0280027559273313,-3.08867735705348
856,0.0,1.0,0.7769356733105894,3.274790311036983
857,0.0,0.0,-5.193263087488095,-4.192418459224485
858,0.0,0.0,-0.6875144926052899,0.2357021512337076
859,0.0,0.0,0.4019753090844092,1.2926586687292474
860,0.0,0.0,-3.441178484747542,-0.40311894747965255
861,0.0,0.0,-2.882572512332717,-0.786873863788427
862,0.0,0.0,-0.27824077774702316,0.1078672096606912
863,1.0,0.0,1.128454465312427,-2.0511399717326797
864,0.0,1.0,-1.023830165292118,0.8700045796859653
865,0.0,1.0,-1.310384437113267,2.1821160342884607
866,1.0,1.0,0.7271868724809443,0.4646814811992345
867,0.0,1.0,-1.3291121249831064,-0.19505842105003915
868,0.0,0.0,-1.3328250063742633,-0.3206372307297882
869,1.0,0.0,0.37984914304824535,-1.3311844424663766
870,0.0,0.0,-2.1771828304453353,-0.23535993907368377
871,1.0,0.0,-0.24755227555458206,-1.9067819301552378
872,0.0,1.0,1.0815043846855392,1.1404098518402732
873,0.0,1.0,1.965940732130623,1.1400022632263302
874,0.0,1.0,-0.3988343604465937,1.5246449498829884
875,0.0,1.0,0.23312084716344264,0.08623866858049273
876,1.0,1.0,0.2338967378249021,2.4182812951210524
877,0.0,1.0,-1.2098869440719404,-0.21351173606496135
878,0.0,1.0,-3.831148250827464,1.462893216641935
879,0.0,1.0,0.9604166081816417,1.7574949682581922
880,0.0,0.0,-0.4709617886121612,-0.42037151479111784
881,0.0,0.0,-1.643708759029719,-0.08527402325607841
882,0.0,0.0,-3.3282252719603957,-1.0453964924801495
883,0.0,1.0,-3.917573017037566,1.7190127364751695
884,0.0,0.0,-5.087070624268412,-3.5714249590116633
885,0.0,0.0,-3.2768985981070364,-1.2947982180993316
886,0.0,0.0,-0.818155472109535,0.20939163382530968
887,0.0,1.0,-3.283136427356795,1.7671141180085173
888,0.0,0.0,-1.1725786084173755,-0.612166044702055
889,1.0,0.0,1.993511016242408,-2.7604166971096156
890,0.0,0.0,-2.7375001017837417,-2.378744728220085
891,0.0,1.0,-3.9660226747461644,-1.1197234622740229
892,1.0,1.0,2.637274990010456,0.9086170243120626
893,0.0,0.0,-0.6989346288333877,-0.797956686745434
894,0.0,1.0,0.963046656627074,3.2897829686706204
895,1.0,0.0,1.158182574279797,-4.355348607792915
896,0.0,0.0,0.26000745755657195,-2.1986423556891674
897,1.0,0.0,1.5992986109437521,-1.1252764612490656
898,0.0,1.0,-1.8313520399593852,0.8516240868019509
899,1.0,0.0,1.5531150983716093,-0.9646116238185178
900,0.0,0.0,-1.1343103583835585,-3.190915112703818
901,0.0,1.0,-2.0010972948357244,0.07131303292627683
902,1.0,0.0,1.1376708645765374,0.5399373056699659
903,0.0,1.0,-0.9173245536308741,1.3239790853512745
904,0.0,1.0,-1.7985290253159953,2.2390556838844584
905,1.0,0.0,2.92932153396374,0.05127124116265089
906,1.0,0.0,-2.3519128415833657,-5.513039523874403
907,0.0,0.0,-3.1067857391894624,-1.6901352413772583
908,0.0,0.0,-0.8873697056337199,-1.0193365213560879
909,0.0,0.0,-2.391051394621244,-0.5305879070982571
910,1.0,1.0,2.625797523265942,0.8050380168871287
911,1.0,0.0,0.6459759425015291,-0.45570166142277674
912,1.0,1.0,4.902006698661363,3.6349173263828534
913,1.0,0.0,0.46101505993060166,-3.016075655155389
914,0.0,0.0,-3.1247008889778747,-1.2571069187589479
915,0.0,0.0,-2.451877815418213,-0.13674852433792847
916,0.0,1.0,-0.7554591267899875,1.7012466191768485
917,1.0,0.0,3.1170946171303426,-3.1097785379321423
918,0.0,1.0,1.2095659044730507,2.383696773318925
919,0.0,1.0,1.1554967828505773,0.7187413307231934
920,0.0,0.0,0.3031035581992965,0.6556127607644471
921,0.0,1.0,-0.10349399427350939,1.2924436343796581
922,1.0,0.0,3.3372152951725362,-4.438803618335509
923,1.0,0.0,0.5216227600518932,-0.4538929668704954
924,1.0,0.0,0.15510012130463244,-3.0121868339066027
925,0.0,0.0,-1.8079014409727923,-1.4737834938372552
926,0.0,1.0,-1.3391606940571934,0.43289457258196906
927,0.0,1.0,0.32336111094045883,0.7804214286173345
928,0.0,0.0,-0.0527884262802029,0.015219393178535568
929,0.0,0.0,-0.6169837643182002,-2.2388162378405148
930,1.0,1.0,0.23163786838467776,1.3389448149643162
931,0.0,1.0,-3.1092375851957557,0.3025190956138871
932,0.0,0.0,1.135076365996359,-2.621333406625513
933,0.0,0.0,0.07641414812625116,-2.2851216359441713
934,0.0,1.0,1.0689882878145884,0.5039968677429788
935,0.0,1.0,1.9168898660687104,0.4711775664385976
936,0.0,1.0,-1.634996650208406,1.0123550260645997
937,0.0,1.0,-2.6199443988143587,2.3152377354787492
938,0.0,1.0,1.4998979727329897,2.0395419519560627
939,0.0,1.0,-3.595129682977307,1.364277636634254
940,1.0,0.0,5.557950312067901,-1.464278603777634
941,1.0,1.0,0.0981305410139474,0.5124121376837534
942,0.0,1.0,0.08891774754137323,0.7570008308756041
943,0.0,1.0,0.7527417912592936,1.7930764480196872
944,0.0,0.0,2.031946636075276,0.43832592580677926
945,0.0,0.0,1.33837411832131,-0.13603911535414726
946,0.0,0.0,-0.873592295828067,0.8504395742959076
947,1.0,1.0,2.9156793894809114,2.926301769602937
948,0.0,0.0,-1.1786891683136174,-1.3051030180967835
949,0.0,1.0,-0.7852744468840968,0.6343512209128002
950,1.0,0.0,1.9219903146318305,1.9518748357189684
951,0.0,1.0,-1.9642117265409162,0.6777389343312981
952,0.0,1.0,0.0016262444224396252,3.5524361606452066
953,0.0,1.0,-2.1959600920714815,0.1721515717583412
954,0.0,0.0,-1.6845551769758547,-1.7969679629291757
955,0.0,1.0,-1.1200997266710435,3.346863045632802
956,0.0,0.0,0.9596683685816059,-2.006012283110482
957,0.0,1.0,-2.375399955976687,1.719047019927532
958,1.0,0.0,3.707444943993566,-2.940420556404957
959,1.0,0.0,-1.1596112336733733,-2.628114743551248
960,1.0,1.0,3.7654134873808323,3.0363710510548763
961,1.0,1.0,0.27767109485427705,0.27348828710602857
962,1.0,1.0,1.7432716957151857,0.9232036113084213
963,1.0,0.0,1.554839102908839,-1.1928027992984493
964,0.0,0.0,-0.49447742662953137,-1.531454792995089
965,0.0,0.0,-0.7043843842240335,-0.5628501007123148
966,0.0,0.0,-0.06954392877691194,-2.289088850911374
967,0.0,0.0,-0.6757631028390161,-1.4793143161043372
968,0.0,0.0,-2.108084146939092,-0.23932047275309998
969,0.0,0.0,-0.1906009281046014,-3.646731513728266
970,0.0,1.0,1.6091113386450062,1.7687784914505134
971,1.0,0.0,-0.38481983900267763,-1.7784751266581837
972,1.0,0.0,0.05745984572583914,-0.5946220601281271
973,1.0,0.0,2.08982380442153,0.6607030198413323
974,0.0,0.0,-1.9102365781679298,-1.315564508932733
975,0.0,1.0,-2.4735435610780105,0.9753703108264438
976,1.0,0.0,0.7185773033061099,0.03287722295988444
977,1.0,0.0,1.1145037634590191,-0.05716137715855447
978,1.0,1.0,1.703106561059827,1.718473401047095
979,0.0,0.0,-1.1137281686149791,-0.9833564070395394
980,1.0,0.0,2.9424696818254157,-0.6371371880218659
981,1.0,0.0,3.414009346422935,-0.8090507624650551
982,0.0,0.0,-1.5111546380174392,-3.227716911435195
983,0.0,1.0,-0.604796516676013,2.386588418965095
984,0.0,0.0,-0.4458077107581969,-2.277719864597729
985,1.0,0.0,3.3893559358542342,-1.5827187409519887
986,0.0,0.0,1.4665871479097652,0.5131428239259687
987,0.0,1.0,-1.2979676198059882,0.9274888540120346
988,1.0,0.0,1.1675422732024632,-0.8010163578591969
989,1.0,0.0,-0.40330157253456167,-2.320790729846278
990,0.0,1.0,-2.682636864704218,3.123581003421392
991,0.0,0.0,-1.5912838162294496,-2.359343605655216
992,1.0,1.0,4.224115051530841,0.9971469811736521
993,0.0,1.0,0.7582334177160656,2.919966570393924
994,0.0,0.0,0.7643035764755528,0.1975074520242883
995,0.0,1.0,1.826458023168975,2.698066924554231
996,1.0,0.0,1.9625632725106317,-1.620564395448923
997,0.0,0.0,-0.5356560338961425,-3.4082902929389665
998,0.0,1.0,-4.044969063673841,1.5860890717101392
999,1.0,0.0,0.41760494866844095,-0.16486660587364863
