y1,y2,x1,x2
0,1,-1.727973893527051,0.42040685940890893
0,1,-1.877580169362953,0.6089645035017368
1,1,-0.42112757671819445,0.9417066421591282
1,1,-0.16588143750693152,-0.5081814478732188
0,1,-0.7920729239322334,-0.000622344296214048
0,0,-0.7472265232331372,-1.3851254627707936
1,1,0.6022561297396181,0.9196217364558158
1,1,0.1891966264191439,-0.084514598426664
1,1,-0.5711492592502201,0.06928655915186856
0,1,-1.4786124057057985,1.7809166336895756
1,1,0.44790016310668723,0.06935515762659505
0,0,-0.43542366582296516,-0.8589650740683012
1,1,1.1220525536580073,-0.548549354142812
1,0,-0.015975301225199186,-1.774186408534753
1,1,2.0600304201221675,-0.1660801759230571
1,1,1.8661994462010196,-0.43789770270110123
1,1,1.1004492339296914,1.1164507047104044
1,0,1.627343808979156,-2.6956718004051488
1,0,0.5619629171340169,-2.8667432820014036
0,1,-1.2211574355900578,1.077488006887476
0,1,-1.5071735600970861,0.5660603546828689
0,0,-1.4919115515395358,0.3451566059310866
1,1,-0.10791717959521058,0.8257154558473658
0,0,-0.6866322865063992,-2.113666980992009
1,1,1.215508211970568,-0.38648390328697607
1,1,1.1175106972142168,0.11928122701761758
1,1,0.9385946744701898,-0.3309441180811083
0,0,-0.47071777832170725,-1.6340279605901762
1,1,0.318311351513848,-1.136667787492293
1,1,0.01689354211881044,1.954373956787963
1,1,-0.4475929221289718,2.561341506847547
1,0,0.32010343522150947,-1.576516403921941
1,1,0.5779101868738069,-1.0929228070148418
1,1,-0.3356946398848085,-1.8182373337730697
1,1,0.1372491330740058,0.804504438866276
1,1,-0.512543390590412,-0.05142199163416835
1,1,-0.04390129900239681,0.4914150204564119
1,1,0.5860305736726571,-1.3723340034870368
1,1,0.5302331921523799,-1.2434133413137325
1,1,1.4379181445716052,0.27302028643781995
1,1,-1.4210988223332752,0.28761220641337626
1,1,0.585687242559991,-0.6770869712270832
1,1,-0.30480980209051,1.3370975193673302
1,1,0.07264958194319289,-0.16039020414894234
1,1,0.046508266527021364,-0.8735704948676666
1,1,1.5159538495438727,-0.5031280724710172
0,1,-0.4804477271886042,-0.3884641050235334
1,1,-0.6608199800517012,-0.3865048189703239
1,1,0.3730665746369974,0.6277838959159732
1,1,0.3389214901822975,0.5817044700742825
1,0,1.1202038871416002,-1.4070990866085034
1,1,-0.5429171422904953,-0.6290314500835221
1,1,-0.7904284433895797,0.6695560031743568
0,1,-0.9962117593099816,-0.3369914475334746
1,1,1.5902801464239609,-0.24936412042837844
1,1,-0.9926975357046905,0.9711951953606044
0,1,-1.4040539853912926,-0.49533965757646437
1,1,1.1607179019021145,1.3251932720531199
0,1,-1.2522811992781144,0.21877184724436308
1,1,-0.703188122084739,-0.7154622059582394
1,1,0.4616021811668561,0.8363067095714509
1,1,-0.22095655641890855,1.9778961701872781
1,1,0.4745820175219799,-0.15429203894305624
1,1,0.021001567123387643,0.3087492761432287
1,1,0.5313991780632787,-0.49788746767811676
1,1,0.4335742107978595,0.6548528242673499
1,1,1.110083304618103,0.44499624046447317
1,1,0.13698079859627513,-0.2617057231822572
1,1,1.247770222074098,-0.955861777453406
1,1,-0.046408471637786344,1.043261829025539
0,1,-2.170621392601049,-0.24154343019753027
1,1,1.0082968586132426,-0.8078644754521486
1,1,-0.8784869704757617,0.03493171136461535
0,1,0.7435909351770196,0.49541281293590694
1,1,-0.12219353073300995,-0.9392601608976109
1,1,1.2076099825059956,0.9205728626804598
1,1,0.36416838087978964,1.3890342152736899
1,1,1.7110985409940762,-0.03313008793827657
0,0,0.005939468455684579,-1.6379337341773825
1,1,0.4420690301991595,0.32329422818299514
1,1,1.003561271985931,-1.2098451351315782
0,1,-1.6069971561641763,0.980764337070435
1,1,-0.4757458274504621,1.2814755735255143
0,0,-0.12504289698344773,-0.6169020645084831
1,1,-1.3071050374986541,1.4461199897439636
0,1,-1.7945548784833496,-0.3397958940255125
1,0,1.1536945243424486,-1.8968620844538553
1,1,2.847507000930674,-0.4687131581364905
0,0,-0.4922375845722233,-1.4832704057252555
0,1,-2.250008469353047,-0.6685293874509631
0,1,-1.3159828039815138,0.9130061122482594
1,0,1.0898462516811636,-2.6843858279821755
1,1,-1.6123951326437844,0.8421596222406549
1,1,-0.12148520967079579,0.474561736005546
1,1,1.4485693769107535,0.5475221507410464
1,1,-0.8327960932408511,0.4106157252601345
1,1,0.8265101153164742,-0.7675902394202391
0,0,-0.7381191321433723,-1.78847989955648
1,1,0.8136949071561677,0.6412126199723902
1,1,0.4391280546341696,-0.24792925710450164
1,1,-1.1641267082760502,1.0868010067305658
0,1,-0.1687123524831735,-0.014174466907813928
1,1,0.25526345211405754,-0.5253959919887369
1,0,0.6575918304290376,-0.4648113956005562
0,1,-1.7338357013141439,0.5928032661867557
0,1,-1.2844971393991154,-0.044906299946439326
0,1,-0.8111269012391152,1.4444402644370602
1,1,-1.1962284033103094,0.7116620222975054
1,1,-0.3712352871644578,1.886437165928085
0,1,-1.8584334782118692,1.0264466622291726
1,1,0.9517553694355829,-1.231854469078233
1,1,0.12871184075197564,0.5474270710614115
1,1,-0.500641660860814,-1.1120245595397948
0,1,-0.9495421617580073,0.8991733401994373
1,1,-0.04535506663453653,0.6174378425868959
0,0,-0.9034910343290008,-1.0949435659952993
0,1,-1.0235536392834879,1.2898241502504322
1,1,1.0120262637121338,1.4501071670873156
1,1,-0.4808601269966023,-0.7953638544185951
0,1,-1.1663913198103564,-0.1303606428584443
1,1,1.6743606458122002,1.760753075835657
0,1,-1.6003039682433142,0.035922002204065315
1,1,0.09368631237206963,0.36853515216368693
1,1,0.1596927901155179,1.5017569438320058
1,1,0.19433040948473373,-0.0064938096293531275
1,1,0.8119552938105965,-0.43753189920943536
0,0,-1.6558253801833689,-2.59324450122674
1,1,0.5067840852203279,0.8818528716481902
1,1,-0.27481015419044963,0.706923845357095
1,0,0.020791125032085425,-1.604843709365292
0,1,-1.1008713590415344,0.4295590034498431
0,1,-2.4286804415765837,-0.4253885407251758
1,1,0.17602629384575086,-0.4157305342597671
1,1,-1.0854388720208086,-0.2778920918591354
1,1,-0.009259678810968544,-1.2787894809194142
1,0,1.1731890341283215,-1.3707116694217458
1,1,1.1633397850155873,-0.15324004572191344
1,1,-0.2083020936498798,0.15118618335537728
0,0,-0.6331799679160581,-1.3789901364797312
1,1,0.47905506544316107,2.0232946686981372
1,1,1.4106541711378844,-0.939236295152881
0,0,-1.66757477983413,-1.9406600467855168
1,1,-0.09588160486439773,0.08993046801350726
1,1,1.478539014330199,-1.0069793508653757
1,1,2.0433415643949844,-1.0718437040944018
0,1,-1.0007168177549675,1.8340998403765272
1,1,-0.17794865054455808,0.9335276021325153
0,1,-1.0395754745778654,0.8373193746744343
1,1,-0.5676351485723433,1.7682719420454958
0,1,-0.5264583448844712,1.2286260039851449
1,1,-0.11259708019741417,0.8163750215876754
1,1,0.13554302626336445,0.9364203424075885
1,1,-1.3190596027726613,-0.20770028139712068
1,1,-1.0388377470369585,0.6401926752887978
0,1,-1.5923418015445527,-0.8558962155770095
1,1,0.008981132055417276,-0.05187940142047545
1,1,1.1888144123828654,0.8931987905207625
1,1,0.30461907620160616,-0.6261257017860021
1,1,1.1293463085242061,0.38179737963405674
1,1,-0.6138299160596078,-0.486021626236324
0,0,0.04645538873935215,0.12426948817435413
1,1,0.913419103756453,0.3254316407009684
1,1,-0.8438515592548173,-0.14796801093938802
0,1,-1.1543015270884769,2.248379197187137
1,1,-0.973640317340413,0.032362546659873336
1,1,0.8330238983507124,1.269181044381041
0,0,-0.44468445528526007,-0.8403337128292211
1,1,0.5220559026147449,0.07084051372829038
0,0,-0.2146788392112396,0.3017571079418475
1,1,0.5657156168154561,-1.4169383677579523
1,1,1.1426023422507186,-1.0019362290185743
1,1,-0.2994846777919631,1.4416979992958203
1,1,-0.9761728125109276,-0.11336508993952982
1,1,2.0534936743605035,0.8639371041498927
0,0,-1.731131511426971,-1.3210672602487514
1,1,-0.7668800607323569,-0.4197217830579582
1,1,0.2640437544551538,-0.7476244441878822
0,0,-1.616783781993895,-1.5102684312744294
1,1,0.9977681818231827,1.26620247932642
1,1,-0.6519224124667178,2.206866227463367
1,1,1.9107175709222064,1.686559720338758
1,1,-0.29084131856415124,-0.2362316333795346
1,1,-0.3061343055339437,1.1879191378551452
0,1,-1.6223793887943578,-0.8679874892829945
1,1,-0.4805368275267086,-0.10224314038316552
0,1,-0.22534230325252794,-0.7122338490957898
1,1,0.5868208243114303,-0.20476751563296786
1,1,-0.19948144178021698,0.5450539001076738
1,1,-0.20175303096709238,-0.10609882193032384
1,1,-0.9246564234900707,-0.28463331058472197
1,1,-0.6130583597195449,-0.08488269801738804
1,1,1.5707251489955867,0.26398496972818575
1,1,0.8556708399767479,-1.1191969375161013
1,1,-0.39654817924623087,0.3422599803526201
1,1,-0.5947120626757295,0.8647802466480355
1,1,-1.1025600186779019,0.4137148940735327
1,1,-1.3677117798862535,-0.4536745767310784
0,1,-0.8760832561803555,0.016655942255300718
1,1,-0.18782671894979971,-0.3891157502729882
1,1,1.597170460993668,1.74816780028091
0,0,-0.9114579791853616,-1.3882186975259743
1,1,-0.5089316032917753,0.8297766717535658
1,1,2.2349174441089636,0.6609459489308983
1,1,0.30594110136657865,-0.05247130692980418
1,1,0.11096677026349319,-1.2653434209564252
1,1,-0.7129405104568062,1.0714140141113846
1,1,2.073235100640177,2.2330318463057512
1,0,0.952491336484668,-0.4877300643868432
1,1,-1.1177362494838343,0.7269626513774403
0,1,-1.2226331828951456,0.4820916207310648
1,1,1.8433606184955398,-0.4586081465221268
1,1,1.2896090025648206,0.13580648247368907
1,1,1.7776147029775062,0.6165572694694045
1,1,0.8688109842068114,-0.1879249392011269
1,1,0.5440411098710662,-0.7679224007728589
1,1,-1.085772016034715,1.223233457179751
1,1,0.6566382547784684,-0.3082718229867402
1,1,0.37012442637600196,-0.490208131117352
1,1,-0.17970233159359053,1.54969956269286
1,1,0.06868366432516931,0.18117540355987974
0,1,-1.4396160910872933,0.1713758016181609
1,1,0.9891777563428786,-1.387102279882624
1,1,-0.2117957154425226,-1.0558398822463255
0,1,-1.1392661313715104,-0.6261839733946936
1,1,0.9839520813151776,0.720506520827763
1,1,0.8781552218101615,1.4014010964091579
0,0,-1.397543916393879,-1.0823571781109118
1,1,0.38873427374459085,-1.4317445336064276
1,1,1.1348997894866701,-0.9421044575720943
1,1,1.5429915315798313,-0.46637219034958466
0,1,-3.1478752189124557,-0.12226982127517826
1,1,-0.2442671730469468,-0.696403514056575
1,1,0.025739040933352785,-0.3346976804266234
1,1,0.7984563531671971,1.074718905066876
1,1,-0.44645974091775836,0.6628833073391023
1,1,0.4982035360772398,-0.7653004870941018
1,1,0.42153361675036183,-0.06734696036859597
1,1,0.5893903929118797,-0.3493728526991426
1,1,0.2843810109190981,-0.9638845006115407
1,1,0.2662482450839286,-0.3237856407488372
1,1,2.9187867402675183,-1.2611867893952573
0,1,-1.5374407246519375,-0.48925112541126015
1,0,0.02119374127927952,-3.2068893758006687
1,1,-0.18197043637965774,-0.042786465189876194
1,1,-0.6804408789743751,2.0019140750200815
0,1,-1.1973517170125794,0.7170230606870176
0,1,-1.1634609415403818,0.44030190760582094
1,1,0.2121003174495289,0.4689717358541908
1,1,0.1668893897689309,0.39894207207072535
0,0,-1.533696751243393,-1.7887845392871249
1,1,-0.1514126761959993,-0.0771580900272539
1,1,-0.3157758688991155,0.20197662022997137
0,1,-1.4157121419878227,0.13806346883609347
1,1,1.511456534949785,-0.251891674168881
0,1,-1.9634089245283846,0.7798534478443246
1,1,0.3457942643563395,0.7919192250741326
0,1,-0.5644220524360151,-0.2579442411423969
1,1,-0.03015364199821743,-0.23054917409275102
1,1,0.5665413724514361,0.2716071578343132
1,0,0.9743457284158731,-0.5781653521502622
1,1,-0.5527916845135808,-0.04698149670421984
1,1,1.9694599929382783,0.333705129542848
1,1,0.3965171922954197,-1.406403876616442
1,1,1.7266144508316013,1.065811146181861
1,1,0.011222308326912922,0.2965924251561957
1,1,-0.721154881522552,1.0921965590561873
1,1,-0.028671054813451252,0.16359808357489264
1,1,-0.29380829826582583,-0.07814789340918742
1,1,0.4023102922875311,0.6038735665790155
1,0,0.45544032922611016,-1.6662417600232782
1,1,0.175632807682129,-1.2583151400952512
1,1,1.7875118803111758,-0.0904733118640592
1,1,0.8513584356959646,0.5183800425596604
1,1,0.4173433482295244,-0.7335942476509302
1,1,0.7087696094848425,-0.24776438423370784
1,1,0.1278482968485603,1.3976461133897267
1,0,0.910225702981252,-1.1640683148924127
1,1,2.2873162503218696,-0.7638779893792638
1,1,-0.2491868441547377,0.8296940575138235
1,1,0.1815591247796866,0.7748741400483778
0,0,-0.9323485755018708,-0.8522398599117268
1,1,1.2561202269022862,0.13608559496204362
0,1,-2.3425196361450706,-0.480396587380107
0,1,-1.8700260472663512,0.7436645319021693
1,1,1.7172951580430338,-1.1345518986614804
0,1,-1.4636878747067068,0.69184557212553
1,1,-0.49287532144656104,0.4887856383899946
1,1,0.9752647242592806,-0.48285213545579614
1,1,1.7322032013901654,0.44131456855554113
1,1,-1.1260748825825329,-0.5664835370915585
1,1,0.7503513569771828,0.9104092379427218
1,1,-0.7701420815700565,-0.6579219102858114
0,1,-0.7057207245707886,-0.12860621018836574
1,1,-0.07003494358390869,0.627231090740576
1,1,1.8770219634685106,1.31411463089485
1,1,1.414508154677044,1.1947258426267648
1,1,-0.4814955453585459,-0.4438489995529544
0,0,-0.2860071385981403,-0.7554050271261564
0,1,-1.9221027065442995,1.3764362567319601
1,1,1.3736081674191682,0.4781186246545053
1,1,1.1772942695272224,1.3220032013015641
1,1,-0.7453179105746318,0.4128542671994674
1,0,-0.12621454754909114,-1.3553612108202804
1,1,0.9616350272400263,0.5385936998213289
1,1,-0.3453456372011913,0.0703093106449414
0,0,-1.134227625684025,-1.5029496761798828
0,1,-1.5127601837784612,0.42648707517490525
1,1,1.016220038933134,0.6383896102896658
0,0,-0.8467737685227559,-0.35592203438250886
1,1,0.3042166573114151,0.3039256151047896
1,1,-0.17501345348821548,0.9178766512799926
0,1,-1.7786551485751156,0.8359430903538762
0,1,-1.2281656255904738,0.9594015093808045
1,0,0.8548625295624909,-1.5519340426082968
1,1,-0.13183017763813398,1.4369363436371971
0,0,-0.7915687633828216,-0.7551268359367004
1,1,0.6397330431747666,0.18774755828123016
1,1,0.2410341036857228,0.686479990423798
0,1,-0.6707421156434931,-0.9960337415948134
0,0,-1.1350644813774793,-0.47931550725307764
1,0,1.2960399540846894,-1.7458744419400085
1,1,1.2826007511874127,-0.06747060747936381
0,1,-2.2386664965275163,0.34833312578899434
0,1,-1.1437493130306102,0.2846956413833348
1,1,1.056029605551299,0.9221531821440553
1,1,-0.2337577363708682,0.9251984368049808
1,1,-0.14970161444017635,0.8567211071767424
1,1,-0.0838233018343625,0.5894314878421005
1,1,-0.2466083067830085,-0.6589806307859023
1,1,0.3503448845557546,-0.2259885877788109
1,1,0.5980961306915453,0.9051586806648588
1,1,-0.4435260583513771,0.6151007644158152
0,1,-1.0316258686011726,-1.1144393043600584
1,1,0.2231228234595467,0.10386680572998164
1,1,-0.6912019238687733,-1.5591413657804456
0,1,-0.7826563660670184,1.3309361254353158
1,1,-0.5864944624860844,-0.4008685826205261
1,1,1.1356550114767243,0.5492364233788799
1,1,0.7573337405127027,-0.8260963604988496
0,1,-1.404028334538306,1.6975095905050421
1,1,0.0930990026936568,0.38666093004216473
1,1,-0.7922143158657721,-1.4182411157897397
1,1,-0.7277074939956898,-0.31528527836256537
1,1,-1.5875377333334344,-0.030897074471291603
1,0,0.35565775389976856,-0.8135386315929968
1,1,3.043301712498454,-1.2674922674715583
0,1,-1.004754153383373,1.8744117451131475
0,1,-2.180287910323687,1.9334239060632994
1,1,1.0994375424326646,-0.34267479431540193
1,1,0.881082802947118,0.7137481430882893
1,0,1.7749202388666068,-1.373414099687711
1,1,0.03269512209158612,0.42605642961275986
1,1,-0.3531381549182981,1.1248392494315782
1,1,0.11197310131538624,-1.240117330831305
1,1,-0.43943779319972415,-1.3335466427120775
1,0,0.8055142920065553,-0.9105743918238896
1,1,0.993342667128502,0.7906896147648861
1,1,1.1648678304679738,0.6227745416863131
1,1,0.15975147333316736,0.3045729769669713
1,1,1.5166762055631038,0.8830105435091244
1,1,1.6440461208351,0.5797077398048794
1,1,0.1631626112565353,1.1137730624321895
0,1,-1.5168935851541752,1.7116512928368108
0,1,-0.32521073893039754,0.6237758808080485
1,0,-0.11945188408431112,-1.1865185778513168
1,1,0.5054156077525873,-0.3458335248039135
1,1,0.40472114964998074,0.8077146925288428
1,1,-1.5013280667221633,-0.25207220101700234
1,1,-0.5612309092290638,0.3182948764943142
1,1,-0.15572683632552586,-0.028125232091439772
1,1,1.6265785304619063,-0.146087329383612
1,1,0.9162919707751621,-0.8762930045237741
0,1,-1.0265360476226921,-0.45036170495636757
1,1,1.010187717640724,-0.5694705702185544
1,1,-0.4151913620467702,-1.2298546220675453
1,1,1.0507258757748545,0.6705408893097886
1,1,0.2107533092061562,1.0316729773323732
1,1,1.1373851006279536,0.5849460959614788
1,1,0.7396316457124537,-0.08996916310174541
1,1,0.7390727161940069,1.5481476336540607
0,1,-0.892677489526794,-0.2051404113434657
1,1,1.0237904192139757,-1.594272335569041
1,1,-0.16574255658646284,-0.18859337177973984
1,1,0.05764069954830482,0.3751836015328754
0,1,-1.3941991937311393,0.24236708179011301
1,0,0.04670113133190012,-1.666149713888486
1,1,0.9634207772047769,1.0719959112288444
1,1,0.898067633728601,-1.0013188400862927
1,1,-0.3832203091605334,-0.5417900829310535
1,1,1.0396204867509231,-0.9418216655827197
1,0,0.9810973396608277,-1.0650734735648995
1,1,-0.4128517128151537,0.2346021723664003
1,1,0.021198303873154724,-0.7001641843220321
1,1,-0.6001327384114856,-0.16573334386477812
1,1,0.6644221083278259,0.7383735372895466
0,1,-1.3163804389454004,0.37990442737741204
1,1,1.2332550912594746,-1.2243710411388804
1,1,-0.4494811216457488,-0.2310236411250638
1,1,0.3270899394701634,0.99201749909692
0,1,-1.4354559096702713,1.6642911546457813
1,1,0.0668841833453645,0.5054247899748918
1,1,2.3720882982607643,1.3659087500948197
0,1,-1.9205246760790915,-0.3302101483578527
1,1,0.3302494918988964,0.07010659383095742
1,1,0.13854340475599788,1.2619589732730412
0,0,0.25486680549085994,-0.9218815798603794
1,1,0.9647607048655134,0.702328228993171
1,1,1.4922464119853476,-0.22282986430291657
1,0,0.054751212605227216,-1.4710536249782613
1,1,-0.5093779584257623,1.3948937830465067
1,1,0.6872452206830479,-0.033580120271350926
1,1,-0.3917589270010013,-1.0067584433089196
0,0,-2.291586287546567,-1.1065806805499037
1,1,0.8384253745782922,-0.13920544809677038
0,1,-0.7958130296324246,-0.533472081433473
0,1,-0.23500413287312563,0.7070088637380906
1,1,0.6498854338073139,-0.43067264009057454
1,1,1.7098700418018764,1.1283536599429091
1,1,-0.10191729028138088,-0.49877551886852506
1,1,0.01709704645604034,0.33252611382138897
1,0,1.0156974373968766,-1.0672963581868726
1,1,-0.08380195290692867,0.7811368262161633
1,1,-0.44096199022967775,0.46172565068568533
1,1,-0.4475623766168717,1.092693371909896
1,1,-1.2389509161802252,0.5683355434858068
1,0,0.10717900291289575,-2.2265714248465054
1,1,0.5156847222328466,0.844675475498159
1,1,0.19489788141523617,-0.3920255456613921
0,1,-1.6534723058100718,0.6923231791124129
1,1,-0.1618793803225528,0.8444390478186148
1,1,0.0749384434264335,-0.4627635061994798
1,1,0.3237607378943719,0.1361788950191289
0,1,-1.308171534201576,0.961527059946642
0,0,-0.02832674399056315,-1.404821666955055
1,1,1.8867897904823192,-0.10482846322410196
1,1,-0.45765812899172476,0.391049759072378
1,1,0.23008812672206846,-0.29399587397929255
1,1,0.9516426046709042,0.5085366066842903
1,1,0.11312057428918866,-0.18672077289839756
1,1,0.823225922544345,0.3072430328160649
1,1,0.16389006275339635,-1.5701298896718032
0,0,-0.037347647646641176,-0.667454766317027
0,1,-0.47522014300269294,-1.091426982597812
1,0,-0.2536148012722569,-1.6380591138562148
1,1,0.1897646105747821,-0.5233367729996005
1,1,-0.4190526608366449,0.1405612018505246
1,1,-0.03842684941829131,-0.6818064567681059
1,1,-0.36807379599167506,0.7543703135960144
1,1,0.16325129721017967,0.11375145595711235
0,0,-0.9520479933880218,-2.2316944900569045
1,1,-0.528418654109765,0.49943672459382543
1,1,-0.100676493028836,0.5298475378432691
1,1,0.7094450034925176,-0.6129919296125035
1,1,2.3134742247762907,-0.8075820239435085
0,1,-2.3525732995212274,1.6253579549216404
1,1,0.011999604938768439,0.5176730944130361
1,1,2.330345413141047,0.25192435429220744
1,1,1.6830438875261982,0.8917447825124262
1,1,-0.11471943020242097,-0.4455537730976171
1,0,0.5192331187186198,-0.973916341810233
1,1,1.5198342255594213,-0.007921282095038349
1,1,0.46548411553347174,0.6521017948571136
1,1,1.2189492832716966,-0.15124687738943163
1,1,0.8887785047094571,0.005612287244352265
1,1,-0.08546057919933572,-0.015779799481402783
1,1,3.044527732139235,0.9927806316321759
1,1,-0.3731525649729615,-0.5403862203512169
0,1,-0.6534071833071695,-0.871577671205711
1,1,-0.1309893217361875,-0.35443282310366053
1,1,0.3654828979199233,-0.4190200922851931
1,1,1.4153890328125975,-1.0989111888491405
0,0,-0.7454272538770562,0.2788540633189397
1,1,-0.3671581879623078,-0.7895317524833875
1,0,0.09887142627513264,-1.5893595780517826
1,1,0.05529216740794811,1.3047652927588511
1,1,0.3481056878951945,0.7027499416179496
1,1,-0.06137124938319499,-1.5789661852243493
1,1,0.4627314644537,-1.3173771830744085
1,1,-0.2899271883113585,0.32345801154477577
1,1,-0.8130116806032675,0.8038247586055671
1,1,0.050527194351392,-0.7278668546495272
0,0,-1.389581578495052,-2.4981254934459645
1,1,2.3143508142416187,1.204377405190675
1,1,-0.5972531336575543,0.5964752878716808
1,0,0.2292256863405542,-1.4639155796254117
1,1,0.8216267320897633,0.47310309129768735
0,1,-1.1061297203655296,-0.5461681133671157
1,1,0.33081505679662043,0.6855559804715321
0,0,0.07076940469255226,-1.5978744405347551
1,1,0.3355632074659899,-0.3827545920632093
1,0,-0.568565398501222,-1.6448566891853555
0,1,-0.8297397160885662,-0.5144380744735182
1,1,-0.15369660381403263,-0.6273964771172885
0,1,-1.2995878781885424,-0.8080195953605105
1,0,-0.060194138318990495,-2.737712017237973
1,1,-1.2520398232705525,0.5492626737287793
1,1,-0.8638969100446747,-0.48547959882670816
1,0,1.3288604734835519,0.3452144334755737
1,1,-0.7077593154860314,0.2928921599197061
1,1,0.3377613297620541,-0.2438416270303188
1,1,0.8873034020155385,0.546425876716343
1,1,0.08096782914045715,1.5944172656889244
1,1,0.1678701046605507,-0.2485228715622154
1,1,0.5825185346841122,0.8250578630439998
1,1,0.24339056106649673,-1.031441145663562
1,1,0.3939796263482787,-0.09246901844719968
0,0,-0.5019473258251002,-0.4445238499889841
1,1,-0.6028749940243479,1.7113760950492483
1,1,-0.10435969675364964,-0.609084004246399
1,1,-0.18864407457532895,-0.4885079998779552
1,1,0.3724836905771422,0.554966556569782
0,1,-1.2856259786251847,0.7882067334138004
1,1,-0.13530215593098602,0.05155848314631619
1,1,0.021446370846039186,0.6359215608956846
0,1,-0.5806885507310283,-0.2471619239345618
1,1,0.2958458280538706,0.8814883685440167
1,1,0.32625477822379106,0.03582460681489179
1,0,0.8858012298412736,-1.6410500779277792
1,1,-0.08428916087373967,0.12474743250807778
1,1,0.6073365428781815,1.232434386320404
0,0,-1.2223561275063977,-1.3457514603028573
1,1,0.6717146771569397,-0.014807278749500195
1,1,0.5535382199955399,0.43800096026059
1,1,0.23872022452896763,0.9251445479345785
1,1,2.565562992025684,-1.1104573713517512
0,0,-0.825116810324139,-0.432557400550544
1,1,1.7147310519802854,1.1487486970663427
1,1,-0.21611760714222986,1.8729831011924998
1,1,0.1881124727360244,1.2960678848860334
1,1,-1.152213990336503,0.05890586601243282
1,1,-0.03774523143106693,1.872989707557811
0,0,-0.5455153484697561,-1.3759314323861547
0,0,-1.260630339088138,-0.7711855783029835
0,0,-1.26731621688476,-0.2830408621660644
1,1,0.13430325591900436,0.9294121552143888
1,1,0.3758127721527515,-0.43138003348834664
1,0,0.6847216657605796,-2.197853796375703
1,1,0.04453934301653512,0.4207800770607182
1,1,-0.5075139402496978,0.11274077367651116
1,1,0.3370319681941288,0.2376810388006011
1,1,1.12441501189549,-0.3908149437863616
1,1,1.1443589633295896,-0.5116537393596894
1,1,0.2993370306813795,0.5427405127874538
0,1,-1.6205326798011153,1.3303797759607507
0,0,-0.9240311945594596,-0.938137706821574
1,1,2.288239014374048,-0.06295875426139216
0,1,-3.2400375626537685,-0.740824706566406
1,1,2.0769133227367744,1.8277582381945239
1,1,0.292572379494512,0.5621158491815935
0,0,-2.1025273614826028,-0.8873304942488396
1,1,0.6658702691980412,0.9332782681927625
1,0,0.13292155721221555,-1.9333242276359883
1,1,-0.9802839840640113,-0.37458647705463305
0,0,-1.2973973509933463,-0.5106761848053288
1,1,-0.2188335922848317,0.7138244182139722
1,0,2.3738737541497477,-1.7336001492458268
1,1,-0.6780925930134265,0.5533093730860309
0,0,-0.5737859835839995,-1.174707521302155
1,1,0.9775457513911526,0.05853398021441362
1,1,-1.1203716378616013,0.2838505377067675
1,1,0.25408111249458903,-0.1328937191028767
1,1,-0.019816343353651525,1.352105240390628
1,1,0.01966347635381921,-0.22990811198853855
1,1,0.6905620337743069,0.16078114290186896
1,1,1.5418781484502249,0.8679594888951956
1,1,1.3005556694911349,-1.6679231069701514
0,1,-0.9840421007275472,-0.12312369310664915
1,1,0.7017543813762075,-0.5220751444181443
1,1,0.8002696094310046,0.7710962770306117
1,1,0.7388288758726098,-0.7066725675417539
1,1,0.38480162813985397,1.5931106573307774
0,0,-0.7799520559524586,-0.9113886663951465
1,1,0.8449113760416035,1.117185595496692
1,1,-0.3380735043125003,0.8078824017553161
1,1,0.9314223699016967,0.31086310956031427
1,1,1.0822023477806433,-0.9882886622450882
0,1,-1.7407004317058716,0.8393442543973032
0,0,-0.38212497296071746,-0.10245247739777616
0,0,-0.08148265994756403,-0.9355943697668198
1,1,-0.16077667569183687,-0.4989818054098267
1,1,-0.3260118637175187,0.1127116974812198
0,0,-0.6556302603176113,-1.8418801075548767
1,1,1.020346816249698,-0.23094052890438144
1,0,1.8357422392570573,-1.498140319495331
1,0,-0.7048396084615408,-0.7115228636626592
0,0,-1.095825162519393,-0.007066765292007819
1,1,-0.1276347488142331,1.5409333086632495
1,1,0.47217299847701866,1.2141183708865506
1,1,0.16180568872103382,-0.8659351015386649
1,1,0.32156783895873414,1.2472507009627634
1,1,-1.320788549807084,1.2577164710880828
1,1,-0.19631508539993373,1.117119394011585
1,1,0.6120372550338081,1.4238754199916062
1,1,-0.9282163661927936,1.4479678370548181
0,0,-0.621300413265347,-1.0026438879534216
1,1,1.6545285152074678,0.03037276954026756
1,1,-0.9492778173679329,-0.22572417765696703
0,0,-1.2143930686036255,-0.31982997941254904
1,1,0.376703420080362,-0.20790478316512773
1,0,0.09841952234936362,-1.6548741519866315
1,1,-0.7482016585310698,1.1078733059059778
1,1,0.6807040192386596,-2.25804914288938
1,1,-0.45835697205557463,0.6844223807677257
1,1,1.5786596911486503,0.4026855228986031
1,1,-0.2709544562827903,0.01122520707284306
1,1,-0.18393236732595772,1.4125454171456198
1,1,-0.0017322048067193992,0.9182117644874064
1,1,0.5584105346075957,2.5602633966633825
1,1,-0.4763496359817119,0.011440117062887964
1,1,0.5578288751060118,-0.15139237859436228
0,1,-1.0123602484262166,1.2382765625911112
0,1,-1.4715529544477588,0.3191786703425022
1,1,-0.023880495456348256,0.5498675889714787
1,1,1.4033798811724127,1.1539111823906174
0,1,-1.4580920692032537,-0.31571992880098737
1,1,-0.21672347101764672,0.4926264696069506
0,0,-1.293072529567327,-1.2000821234673058
0,0,-0.01982078440601904,-0.46147053558060586
1,0,-0.1979415974355618,-1.9619694668881649
1,1,-0.1338576699695722,-0.12002226381300203
0,1,-1.434210669892127,1.1369188442892824
1,1,-1.095834261822591,0.4010413185315494
0,1,-0.7416988256145562,0.42181667567093384
0,1,-1.403236789654819,0.7313381922188475
0,1,-1.281437326406077,1.3314872561379782
1,1,0.5467130063088758,0.17550557349750476
0,1,-1.2565302654417843,-0.046235088959464564
1,1,2.2885378765831073,0.6759298276801491
1,0,0.5438502979556985,-0.8442904558792018
1,1,0.286476357972279,-1.0915371927244295
0,1,-1.218506878253791,1.5054226912863944
1,1,1.1492648392815972,1.7302046002431135
0,1,-1.2526859536976758,-0.7779037981277975
0,1,-1.1501398716164615,0.2959853461271385
0,1,-0.8255484009085041,0.14725950098801413
1,1,-0.5380822126128222,-1.08542818231345
1,0,0.7544381140807758,-2.439832022497429
1,1,0.5054031241899811,1.597628816769469
1,1,0.9009088344388442,0.12446935221604559
1,1,1.3153652618998826,0.20181722974961033
1,1,1.1565768317494651,-0.22001854341897284
0,1,-0.9610041819359454,0.073615236712712
1,1,-0.5245177761468635,1.305857426823717
1,1,-0.494044975163782,-0.15496271546223242
1,1,-0.3802401336500703,0.10935427467702084
1,1,-1.2553489181950919,-0.8579514379888282
1,1,-0.29420471641557994,1.871511207676706
1,1,1.0708850271296833,-0.2428713892225749
0,1,-1.0653183232949068,0.025340700388909686
1,1,0.6879638186171338,0.12893201606408292
0,1,-0.8606409199554,0.24790915031712402
1,1,-0.20093059164769111,-1.140235836004144
1,1,-0.7202760217897667,1.1662263642524109
1,1,0.6842004647418027,-0.6794655415085554
0,1,-2.1543062871740966,0.16833716342898283
1,0,-0.006561523228444406,-1.9874286851835532
1,1,0.683216571059104,0.20758058254254286
1,1,-0.3128397086196502,1.4399792916525762
1,1,-0.4200000350584866,0.5610985219996917
0,0,-1.2399720142604238,0.0028088098223462876
0,0,0.4507094068878345,-0.7369169910295357
1,1,2.164318696803895,0.012236539777799657
1,1,1.0225676797006786,-0.1840912654664775
1,1,-0.43334825127226967,-1.2186382734449785
1,1,-0.9712250992430574,0.2635865290940148
1,1,-0.3677196912052758,1.6581812831663287
1,1,0.932150894672362,1.5666546081315502
1,1,-0.027212874853236892,-0.24525276857959888
0,1,-0.5182424255638386,2.616122616604664
0,0,-0.8391316191858695,-1.0618744104858924
1,1,-0.23339468057587176,0.2191519479918994
1,1,-0.17877193923775403,-0.9840355353036943
1,1,1.1660633385154686,1.2970902219633678
0,1,-0.6568818012423162,0.4267520830563761
1,1,1.1389086503192758,-0.30396547298145904
1,0,1.3241510882761405,-0.8481198725325945
0,1,-2.6954051889673236,-0.0879756822063873
1,1,-0.493058539307628,0.9229961917327546
1,1,-0.2939200506541822,2.19658729665515
1,1,0.6215337142509402,-0.6387228835952706
1,1,-0.15109136237480814,-0.2395444436072493
1,1,0.3791661876231313,0.5137665623301946
1,1,1.3680011903141958,0.720587733617639
0,1,-1.0222421032632385,-1.3315826634382708
0,1,-1.1588267730683202,0.6314482361423026
0,1,-1.3214421382432608,0.3375030387587693
1,1,1.6690392271080412,0.593062271616785
1,1,1.1783908438696689,0.47556815261608937
1,1,1.0759920684710675,1.0256910419756566
1,1,0.4520059097592842,-0.29825808253240194
1,0,0.4725386465903874,-1.846764550815215
1,0,-0.0032603301598006142,-0.8105135164758919
1,1,0.9733784174535863,0.33027344471023024
1,1,0.7430804956720246,0.10806545952759627
1,1,-0.7073387734651917,0.5323026285775094
1,1,0.6639468854392007,0.686371810505937
1,0,0.5603997689019883,-0.8933862793949563
1,1,-0.0893524857038902,0.35663414380776637
1,1,1.5096010413784375,1.0301027664844808
1,0,-0.21136116336628605,-0.7383853021269764
0,1,-0.8419005821497921,-0.07128521564915032
0,1,-0.7045959914971747,0.1320536112832665
1,1,-0.23581286561303158,-0.295044682706678
0,0,0.21101334984057218,-1.3386315772730093
0,1,-1.5880142772890642,1.1735549525464717
1,1,0.18545006541815193,1.7866228479671764
1,0,1.3112168000966413,-1.4365452523929088
1,1,-1.0079337441432543,0.36040814195548415
1,1,1.7554035953788354,2.8369492428356056
1,1,0.5147379458568249,-1.5118468787310824
1,1,1.09420110714725,-0.42321514835816004
1,1,-1.3619809201126096,-0.49136336540833475
0,0,-0.7199938918240548,-1.351359922857599
1,1,0.8360779844236277,-0.8965996302519045
1,1,-0.14590996827964384,2.0049527075937403
1,1,0.8803564414195397,0.24073336705108683
1,0,0.2850486930614943,-1.2770516848080873
1,1,0.49085539191559413,-0.9399693615942334
0,1,-0.6424838520539565,1.2528165138903464
0,1,-2.620575467348513,0.06586442496309776
1,1,0.38904314827293207,0.9588292462576041
1,1,0.7535861689670298,-1.0061640135636478
1,1,0.2523847246537911,0.8982579111282695
0,0,-0.917963704017499,-0.8827932950173264
1,1,-0.9274938125280237,0.7934108843155031
1,1,0.2961904146153631,0.5038902181803893
1,1,0.19779342943446893,-0.5824608229825096
0,1,-0.9857947011940249,-0.11212571160055712
1,1,2.2884592071901606,0.60295782874056
1,1,0.3365002260456631,-0.5961218318865971
1,1,-0.22962797160185652,1.3204954678212937
1,1,0.09443560652252794,0.8037745326907104
1,1,-0.07774692826004652,2.021315970148992
1,1,0.7102779454835444,0.041583251940779185
1,1,-1.3273308905544972,-1.2668779115346394
1,0,-0.13933089712250696,-1.5939094440787365
0,0,-2.2845793085831354,-0.27800551180895855
0,1,-1.1165166605000674,1.3708027404632575
0,0,-0.27188474267364715,-1.4559217872570347
1,1,-0.6758039569379858,-0.06396598433883843
1,1,-1.1193181439888864,-0.5041092918154836
1,1,-0.60983347608624,-0.43025646673202095
1,1,-0.5399885225846021,0.38479810649713725
1,1,0.4482792664493429,1.0521085326277329
1,1,0.8406239263998094,-0.5412819345896939
1,1,-0.30600793365319406,0.22010571484469846
1,1,-0.8167168065921926,-0.5248130875536907
1,1,1.382826528645373,-0.33870809534660723
0,1,-2.282071203165519,2.5790970115719882
0,1,-2.001449153365527,0.10406320201360243
1,1,0.6413872212272824,-0.6817294045475135
1,1,1.227032473080599,-0.4975487373494378
0,1,-1.296163959755194,0.48213875785360727
1,1,0.1643914852978466,-0.7663411789677064
0,1,-1.7569796097545107,1.3996460732072578
1,1,1.041960152914915,-0.17402995154291695
1,1,-0.15945328241582607,0.5168500604148207
1,1,0.018246624110517442,0.2056320962040999
1,0,0.35015607434508045,-2.2972601915388458
1,0,0.8560012922487114,-1.0962269426431532
1,1,-0.14391940491992833,0.20169440265570435
1,1,0.010711873438312617,-0.16240764767000235
1,1,0.024521892150456186,-0.6034586615043438
0,0,-0.5975649184238444,-0.7265509987192842
1,1,0.51125556889416,0.3142765083307013
0,0,-1.9356629063819573,-0.46342354544219233
1,1,0.538669649323339,0.3517965644760912
0,0,-1.6941084949487044,-1.9063491269801025
0,1,-0.6168105838668937,0.6809835846371727
1,1,-0.09786736509346608,1.0639855757617445
1,1,0.22662290706614996,0.7968224798508284
0,1,-1.2149790803425775,0.18035093469025612
1,1,0.5855551287248821,0.690122963387712
1,1,-0.047481790833130005,-0.00872924440424791
1,1,0.9834479128717284,-0.1286303897463557
1,0,0.40735124181058185,-1.2280381002238856
1,1,0.3794695075565017,0.47051153000992757
1,1,0.0786739673042094,-0.4406896664131423
1,1,-0.12071434029844962,-0.2519883530077287
1,1,1.0705895119922906,0.5948170539869047
1,1,0.3380226943086679,-1.3494053123126082
1,1,-0.26218645354501274,1.0803802561590357
1,0,0.850336017926944,-1.452288461316358
0,1,-2.716368385034207,0.608803890441567
0,1,-1.734487078551658,1.6345859130233933
1,1,1.99401903668778,-0.8194099384903718
1,1,-0.6976035498143816,-0.099783701135116
1,1,0.9545992789092684,0.9911686883370093
1,1,1.5350572405664735,0.46274735248445475
1,1,0.8275117786601552,1.3994630479674703
1,1,0.8681666346348543,1.118760351445626
1,1,0.15861099829534456,-0.06629911811149433
0,1,-0.6541669280047007,1.7321852187640092
1,1,-0.8402254333378156,-0.4836515450017996
1,1,1.0741116017755044,-0.6657030593898352
1,1,0.5003231574569841,-1.4959222649108652
0,0,-1.5005452419339151,0.731382155594053
1,1,-0.33982096313266064,-1.1456009166381584
1,0,1.4219526946219767,-0.7131965274204686
0,0,-0.6318167588287433,-0.5550702716684306
1,0,0.6013119240366003,-1.935840285706658
1,0,0.5923634941807568,-1.668323129465352
1,1,-0.5259562047985779,-0.3979614375027506
1,1,-0.30694683983548243,0.19495608953901458
1,1,0.11372134498661975,1.404311134818646
1,1,0.759419006004631,-1.2028812496219028
0,1,-1.2920277078791154,0.19531677736052983
1,0,1.110898322359046,-1.369465706875401
1,1,-0.8116180455238161,0.29969412166073717
1,1,-0.5387473404893696,-0.5623620151788529
1,1,0.5225967064027225,-1.534332538173147
1,0,1.3862770232742656,0.14886974256419777
1,1,0.7221337587404906,-0.04379131129299514
0,0,-2.1691224226696835,-0.15391140993194113
1,1,0.3743741354492335,1.0351853007831966
1,1,-0.15451364399651193,0.683435581094534
1,1,-0.6800548468071943,2.2726548740462125
1,1,0.439270914359022,-0.6175113852049408
1,0,-0.003186433159480071,-0.3680152361347365
1,1,1.0575486873656041,-0.02714315130725331
1,1,0.8397999823749278,1.177316726629783
0,1,-0.6920140718551967,1.1379555522258984
1,1,-0.06704767486356361,-1.0692721847045672
1,1,0.33656341895973535,0.6728362278712018
1,1,0.21820009628642598,1.910683874993769
1,1,1.1116947478740036,0.08362856193663548
1,1,0.5553362006488998,-0.07765888201945086
0,0,-0.8214714886007161,-1.1265171115463275
1,0,0.3741967278760865,-1.5829521467642638
1,1,-0.055223384974411004,1.262513359207949
1,1,-0.5470442015359154,-0.875742778439479
1,1,-0.38288942975278417,-0.2910093087060138
0,1,-2.333451151389898,-1.0285945599894126
0,0,-1.0544726642479028,-0.6509477698817873
1,1,-0.90345943573283,0.4952116107485546
1,1,0.30764390282090126,0.9948931421719559
1,1,1.505134001175048,1.5739447185184343
1,1,0.19029837923407758,1.4107791766471274
1,1,-0.6575092454238629,-0.5556208137106048
0,0,-0.8808673223603084,-1.4535355822959783
1,1,0.29295743360685583,0.5375380354816065
1,1,-0.09636487540558444,1.0266208479816945
0,1,-0.8342248542156993,0.2014258870091415
1,1,-0.010425605270345554,1.120406760952339
0,1,-1.7095308819165376,-0.6777911838072616
1,1,0.6073057313339975,0.2301676554995373
1,1,-1.006560705096311,-0.7955468880602885
1,1,2.7747397354431196,0.8187432051103776
1,1,0.8535373041124016,-0.18552828778795633
1,0,1.4279770101480183,-2.0327311853772274
1,1,-0.7725461640440453,-0.32566303269300234
0,0,-0.14515199650404179,-0.4327849581680594
1,1,-0.5582354889563347,0.44407927131942354
1,1,-1.1045602196553468,-0.44126365946501545
1,1,-0.8183569320583066,1.2397610943063953
0,0,-1.0111339055124744,-2.1908642034719423
0,1,-1.1265009847373877,0.07124844075334924
1,1,1.9822132664736603,-1.022475596704187
0,1,-2.1627299418545567,-0.4409139252200261
1,1,-0.3291548149816021,0.44395278203666183
1,1,-0.4683094124467243,-0.046134919026214624
1,1,2.2397365622612626,1.0044304377977482
0,0,-0.528289547789624,0.09261946849207332
0,0,-0.085837851012085,-0.36573134782342515
1,1,0.2682985347449736,-0.2675835395792483
1,1,0.1330690649288667,0.6522053494455194
1,1,0.23095712871893806,-0.1583818008138842
1,1,-0.30752956792634323,0.7370888997100024
1,1,0.9178891794812627,0.3646131973851673
1,1,1.8492334982062597,-0.6336496499307157
1,1,-0.7145316582100364,1.4349082660623431
1,1,-0.2532066597258925,-0.5190816894579207
0,0,-0.47751836606534215,-1.6045026990106228
1,1,-0.661816165463392,-1.1044601428695942
1,1,-0.2137358371951013,0.2580591677709773
1,1,1.4427793483055555,-0.22540216898633103
1,1,0.13045473959405784,-0.3555028087510934
1,1,-0.25938535216207925,-0.7176239076993634
1,1,0.32520624100103174,-0.3859584484714556
1,1,0.12817584211325828,-0.8833422625727687
0,0,-0.4851689690475806,-1.726582481335918
1,1,0.14199356862654958,-0.7061181314562496
1,1,0.733112362933739,-0.13894625865380275
0,1,-0.9414214820189889,2.3895183538109417
0,1,-2.148236122681851,1.1713271452700482
1,1,1.97940840998074,-0.4563197341674395
1,0,1.1849044286462567,-2.259964195005563
0,0,0.055613900314609846,-1.3689823688070784
1,1,0.6041602470951828,1.3687776057398624
1,1,0.9370851849991025,-0.07249854381234631
1,1,-0.010645954575135034,-0.7922478019674741
0,1,-4.14998204026724,0.4617257886596305
1,0,0.8106772643296742,-1.5609067225909505
1,1,0.20020146253455667,1.2396657645903912
1,1,-0.00411439136747551,1.952532992320316
1,1,0.6955795307780938,-0.8176014486101674
0,0,-0.027585677381594453,-2.0619027805033388
0,1,-1.8089392987744077,-0.3272250676192568
0,1,-1.0491868923668897,0.5940715168036912
1,1,-0.4515578636168613,-1.1541117154266995
1,1,-1.0553322783997467,-0.2436292756497582
1,1,0.8384605282120106,-0.6949291132667493
1,1,-0.6718293810094093,1.4523801607588993
1,1,-0.40699355452698055,0.10617556488207018
1,1,1.5383758821467288,-1.3450827298614325
0,1,-1.9183945270257692,0.6138686910119504
0,0,-0.9153221211034666,-1.5924146036460447
1,1,0.7507188992386326,0.2185491790980007
1,0,0.48367661497862036,-2.46143586540575
1,1,0.7963468293243754,-0.765674835759465
1,1,0.13806819016898025,-0.6035239498617873
1,1,-0.4464436497003935,0.2130586934571632
1,0,1.3551840138868645,-1.970911309850072
0,1,-2.903112055407619,-1.048848807545467
1,1,-0.3324758834675672,0.8110699603125265
1,1,1.8375742711317755,0.21449795092265875
1,1,1.7598996035386765,-0.3237640797091462
1,1,0.1997399847794594,1.5524281876960206
1,1,1.2633821437673396,-1.0239030411571513
0,1,-1.0336868374116852,0.588615164862529
1,1,0.12102361808170418,-0.6828187205087132
1,1,1.377392324403278,-0.8799842814642037
1,1,1.5207185954288844,1.812015029884758
1,1,-0.7470585911419523,0.13617543848759553
0,1,-1.6638290519970291,0.12791516044322251
0,0,-0.6624237728650012,-0.7512961340699978
0,0,-0.6562640718936863,-1.1764360248841663
0,1,-0.9582881006314821,0.41502250423680287
1,0,0.6353625552530823,-0.9149816902807465
0,1,-0.057622176759872315,1.9140600808911405
1,1,1.8744955890691055,-0.8435775591449547
1,1,0.8911211678226068,0.03884627315298565
1,1,-0.6782359596593069,2.04613509342184
0,1,-1.7779276261862498,0.6679535829032752
0,1,-1.5820099976435285,1.057241887113265
0,0,0.4259513535577569,-1.8561239433577257
1,1,-0.7113649975220115,0.8451165565242281
1,1,0.7330033436589126,1.0090537808851114
1,1,0.13879970499924196,0.47047884972076937
1,1,0.08710355331757315,0.10515185378481355
1,1,0.8420843943190643,-0.01545623464190333
1,1,0.6396589414773848,-0.15213488284088164
1,1,2.60564659703789,-1.0710386730666488
0,1,-1.0049520087797168,1.4822906462313432
1,1,-0.7402281835936463,0.18079231942072774
1,1,0.854253917827574,-0.39409003190136505
1,1,0.3939621470587255,-0.49298790147327737
1,1,-1.3447205569175218,-0.7550043232811855
0,1,-1.4539977674668125,1.4179987697019896
0,1,-0.826818306557913,-0.04709142393408694
0,1,-1.3439959960319687,1.0919109129408169
1,1,-0.2530603377702721,-0.011345240137340966
1,0,-0.4127236730088948,-1.6785882913451153
1,1,-0.20191067556164663,0.40936888530562815
1,1,-0.20001872425089912,0.04450051979819256
1,1,-0.7106242424751754,-0.4626433146694155
1,1,-1.3682756714287123,0.5490307533701664
1,1,-0.9330691757822078,0.4853156611393096
0,0,-0.3023646579355823,-0.44233101992102386
1,1,0.3143489823169366,-0.837102537245452
1,1,0.8275709789714615,-1.3879959208457977
1,1,1.2172711450955915,1.0353972683614658
1,1,1.3698712335290508,1.0704639489139538
1,1,-1.0793863651963285,0.33220886105644826
0,0,-0.586785123403237,-2.6222112149104615
1,1,0.321324408154321,-0.7171399566805777
1,1,1.5956973173529112,0.5420850643881395
0,1,-0.8653719675064462,-0.24977881324161366
1,1,-0.9388501665199516,-0.4749197274219584
0,1,-1.300533117554645,0.258705940418609
1,1,-0.3547594790220758,-1.3179452025266511
1,1,-0.9829703910700558,-0.07029573289947494
1,1,2.896604655696009,-0.16499115037877793
1,1,0.9862610957015563,0.4785872045919901
1,1,0.3021035470388885,0.6829145424908284
1,1,0.5815090282291574,-0.026386365956400294
0,0,-0.5939973245444713,-1.110182766625401
1,1,0.1771134257310732,0.3939264889397274
0,1,-2.047524944237652,0.3043885044292218
1,1,-0.29770158126057017,-0.5687382515041731
0,1,-1.1937575136746434,0.9418139168720532
0,1,-1.4357507686621829,0.18680506453835066
0,1,-1.1113438582087172,-0.3975004032568108
1,1,-0.08672044853000059,-0.7389540998008016
1,1,1.229022670347748,1.5038700258515487
1,0,1.7084092863520062,-1.6037520212480338
1,1,1.915583639740792,0.01409585128872545
1,1,-0.46387983056793924,1.7175686475389778
1,1,1.4228131093408332,0.08555723065382974
0,1,-2.072753919825207,-0.1610077605533831
1,0,-0.16338381634427074,-1.1733699424846957
0,1,-1.4175390898569908,1.3236023082668313
1,1,-0.1831351767804578,0.5904280769992257
1,1,-1.0134408406853836,1.462332042286519
1,0,0.38985147646839513,-2.1661568512309235
1,1,-0.22124868060143063,-0.4170959428132371
1,1,0.15884848620808203,0.807033654816895
1,1,-0.24651486304916126,-0.36876350961347926
0,0,-0.48287064776823263,-0.6366414752564873
1,1,0.18014967796350598,1.2090186079442364
