,y1,y2,x1,x2
0,0.0,0.0,-3.7467292166274766,0.5770078368608557
1,1.0,1.0,0.17286760263681858,1.4698404947763866
2,0.0,0.0,0.0811753404773014,0.3925243470270513
3,1.0,0.0,0.7434198488501041,-2.155504186839551
4,1.0,0.0,2.281330702750775,0.03583444980777269
5,1.0,0.0,-1.8501862843545598,-2.5641081054371857
6,0.0,0.0,-1.0918177582493975,-0.7377741969648148
7,0.0,0.0,-1.709511499493034,0.5054720007111416
8,1.0,1.0,2.8411566951518523,0.029399721564534728
9,0.0,0.0,3.207275441228741,-1.9014645255093992
10,0.0,0.0,1.2719154193891218,-0.43958341673001666
11,0.0,1.0,-0.5864935674901738,2.789703321870346
12,1.0,1.0,1.9010498976260704,1.701750100344159
13,1.0,0.0,0.6493217273262429,1.0992714058756252
14,0.0,0.0,-1.6717233228109476,-0.688607961336014
15,1.0,0.0,2.4062394799232782,0.3266294726794978
16,1.0,0.0,-0.3769514079120359,-2.68025444011033
17,0.0,0.0,0.31267916271861224,1.042453181936392
18,0.0,0.0,-1.0349155170411317,0.1377619632530998
19,1.0,0.0,1.538210336095283,-2.940829718163784
20,0.0,1.0,0.5442831675941471,1.5804696689752689
21,0.0,0.0,1.3533341845029991,0.933396283239928
22,0.0,1.0,-0.8464418775948913,2.2398585006411715
23,1.0,0.0,1.5089719095307634,-2.7978119087698596
24,1.0,0.0,1.6444581658807653,-0.9307061524395244
25,0.0,0.0,0.552379109441403,-2.410337521422792
26,0.0,0.0,-3.201506151052371,1.5141766943556323
27,1.0,1.0,-0.2912667063329746,2.355608833276731
28,1.0,1.0,2.6827191684561904,4.725997670949468
29,0.0,0.0,-1.6088950670015025,-1.91403434796326
30,0.0,0.0,0.28759929555861974,-1.944725017705535
31,1.0,0.0,1.9620897788678686,-1.3787875250701707
32,0.0,0.0,1.316887581254415,-1.137618289304895
33,1.0,0.0,2.5044932735473564,-1.6977517535374795
34,0.0,0.0,-1.800089530114792,-1.962765928766121
35,0.0,0.0,-1.1779497999327024,0.04044164858170529
36,0.0,0.0,-2.3394684643880765,0.15386224714988234
37,0.0,0.0,-1.583929104861158,-1.8174542321695288
38,1.0,0.0,0.6308407119007471,1.6245441267607998
39,0.0,1.0,-2.8992370051238643,0.8906902908938047
40,0.0,0.0,-0.17006045841664583,-2.1529110153980526
41,1.0,0.0,1.6914252416171403,0.39714593819540145
42,0.0,0.0,-1.9724302932600493,0.013110219865525902
43,0.0,1.0,-4.498455133949557,2.618793568030986
44,0.0,0.0,-0.4904273797807386,-1.1024284363466479
45,1.0,0.0,1.4821096409860521,1.796126091392252
46,0.0,1.0,0.6856346931674394,0.030280903772567383
47,0.0,0.0,-1.0085171465217397,0.6286125253967545
48,1.0,0.0,1.0095150727809221,-0.6149982938043463
49,0.0,0.0,-1.6469266344747437,-5.584116374131308
50,0.0,0.0,-2.847454330733704,1.2272537315406342
51,0.0,0.0,-2.3603775442989474,-2.0835328966340527
52,1.0,0.0,2.165600189472044,0.5767826698534702
53,0.0,1.0,-1.17925642027311,0.9550617686229951
54,0.0,0.0,-1.964827587529341,1.7901048939565183
55,0.0,0.0,-1.8513318219160968,0.42858146323048035
56,0.0,1.0,-0.3894516536936548,0.0007367986748525509
57,1.0,0.0,-1.252089083485564,-4.60268096569065
58,1.0,1.0,0.6782800686801321,1.805211307976563
59,0.0,0.0,-0.7491987122316923,-0.017047463679265535
60,0.0,0.0,-0.5137558787022684,-0.08225216738555828
61,0.0,1.0,-0.2539979534459205,2.4876020020425225
62,0.0,0.0,-1.6913696549474209,0.6342054889345476
63,1.0,0.0,-0.2751728526008686,0.031342551834921135
64,0.0,0.0,-3.585548938832711,-1.250598448217904
65,0.0,0.0,-3.4870725022924756,-0.6450240643055922
66,1.0,1.0,-1.002699483546318,1.3811316437424555
67,0.0,0.0,0.1737925198725313,-1.591637693168982
68,0.0,0.0,-1.3023943221532133,-4.053503601244168
69,1.0,0.0,-2.379872005337759,1.3008727972414569
70,0.0,1.0,-1.5218487766592985,1.9534927679998575
71,1.0,0.0,1.3599043039640788,-1.1304339912528254
72,1.0,1.0,1.7942231967158166,1.5623795913634466
73,1.0,0.0,0.6418114345950245,-2.836115358422965
74,0.0,0.0,-1.4686814124576717,-0.2749184525616735
75,0.0,0.0,-1.6771669664794473,-4.3321447874695584
76,0.0,0.0,-1.5984677728847723,-0.20658513036237972
77,1.0,0.0,1.4980933647460994,2.319626053284448
78,1.0,0.0,-1.2037247712472698,-1.8892717321305152
79,0.0,1.0,2.2842298891177095,0.5257738564611746
80,0.0,1.0,-2.918561122909421,2.23487198027404
81,0.0,0.0,2.672180607544884,0.5564477429983878
82,0.0,0.0,-0.964620646122569,-1.761031635678402
83,0.0,1.0,0.4582140729170632,1.2109671436339462
84,0.0,0.0,-3.3091521647388418,-1.1430666642553173
85,0.0,0.0,-1.2565024192784986,-1.381660493302648
86,0.0,0.0,0.18736066013701552,1.323006938198153
87,0.0,0.0,-3.747712494793606,0.4182822194277806
88,0.0,1.0,0.08151011596599507,1.3095731017110128
89,0.0,1.0,-2.3953353694691124,4.994806356379242
90,1.0,0.0,4.125432420676166,0.5977655892234559
91,0.0,1.0,1.1814527135586474,3.2856933807346054
92,0.0,0.0,-2.1922313239268703,-0.9869852767811461
93,0.0,1.0,-1.8728533326698245,1.1794995847556622
94,0.0,1.0,-1.509468171756028,0.7125826678286125
95,0.0,0.0,-2.330749046222448,1.2466818547084002
96,1.0,1.0,1.496884533906333,1.1494006120484264
97,1.0,0.0,3.1378218273959226,-3.5035035728700024
98,0.0,0.0,-2.2776447002223588,-4.2074669589414375
99,0.0,0.0,-1.8958106382316822,1.2992431211007902
100,1.0,0.0,-1.6731833290869322,-0.560006877686489
101,1.0,0.0,-1.396927778915125,-4.557361245273873
102,0.0,1.0,-2.826045335979724,-1.9013303498387024
103,0.0,0.0,-2.98686499507963,-0.9414950925040493
104,1.0,1.0,0.6365735684785543,0.3921545467007433
105,0.0,1.0,0.3018266780610099,1.0093498813500834
106,0.0,0.0,-1.5469174547449673,-1.3605350889316559
107,0.0,0.0,-0.017671549836508746,-2.207152627003816
108,0.0,0.0,1.099615895729608,-0.7886454994274453
109,1.0,0.0,3.4949947333085722,-2.553867072540629
110,0.0,0.0,-1.4188925216953627,-1.4621124817743172
111,1.0,0.0,3.5049654988356163,-0.02378119533598296
112,1.0,1.0,0.3328217022076337,3.413869337778943
113,0.0,1.0,-3.364329870551761,0.9906120990209297
114,0.0,0.0,0.2613556150774731,-4.053931855240754
115,0.0,0.0,0.10267731479315163,-3.392022859141608
116,0.0,1.0,1.9633547572036727,1.7871338326975414
117,1.0,0.0,2.651849660209585,-0.9491684941453012
118,0.0,0.0,-1.7247461140465363,-1.7277839316963246
119,1.0,1.0,0.6743351347118993,4.965309336142494
120,0.0,0.0,-1.034664187105463,-3.9126230598710716
121,0.0,1.0,2.285471094118299,-0.8633571075659991
122,1.0,0.0,1.1359641628392452,1.1667910249898181
123,1.0,1.0,0.6563963754017296,3.636519979391486
124,0.0,1.0,-2.0012805077652573,1.1618034541955446
125,1.0,0.0,0.11745537986691601,-0.06416044344734102
126,0.0,0.0,-1.9145794016212474,0.1007257472471877
127,1.0,0.0,0.776009747541588,1.8235445619219046
128,0.0,1.0,-1.788733246232163,3.6794602899455784
129,1.0,0.0,3.7739020183020817,1.3766466375203723
130,0.0,0.0,-0.7163992478518673,-0.34237850860760893
131,0.0,0.0,0.5731818467547343,-0.3466030590687371
132,0.0,1.0,-1.7434459310471948,-0.34339688700881826
133,0.0,0.0,-1.8846277881596558,1.3378064722842724
134,1.0,0.0,1.8163210361964597,-2.224251022759506
135,0.0,0.0,-1.433071290717912,-2.5151707027934855
136,0.0,0.0,1.6420785498850419,-1.5665422013740011
137,1.0,0.0,1.876693041688502,-1.7651387882793865
138,1.0,1.0,2.130868756660676,4.041302610190154
139,0.0,0.0,-2.0944479191838568,0.7121455761870211
140,0.0,0.0,-1.4014800030839185,-2.6361253105740143
141,0.0,0.0,0.40741549537999877,0.6591721767616872
142,0.0,0.0,-2.4730171715772524,-2.6507185037766936
143,1.0,1.0,1.1254515101450242,-0.05740207253351049
144,0.0,1.0,-1.385150906646033,2.063365958192246
145,1.0,1.0,-0.6990693039572283,0.6067817066893562
146,0.0,1.0,-1.173580543218362,3.6604974534237757
147,1.0,0.0,0.9251179028486004,1.020245284141643
148,0.0,1.0,-2.7797168873911433,0.299140939556039
149,1.0,1.0,0.739742592107334,-0.9241415931162665
150,1.0,0.0,1.4911018306638024,0.8227467923780784
151,0.0,1.0,-0.025847385839066952,1.7285674279640306
152,0.0,0.0,-1.8238302088188496,-0.3324909395968976
153,1.0,0.0,4.028887882110065,-1.0473089982980068
154,0.0,0.0,-1.1911913355598804,0.35692560202156837
155,0.0,0.0,0.6047513903895022,-2.85651276242145
156,0.0,1.0,1.7687784385906145,3.062831187042277
157,0.0,1.0,-0.6042941594253163,4.677247040560365
158,1.0,1.0,0.7045817516677974,2.2066986269492808
159,1.0,0.0,0.6859390387064664,0.31297469441758796
160,0.0,0.0,-0.7192002362836164,1.3524247747194365
161,0.0,0.0,-0.4607415860219405,4.263617111463394
162,1.0,0.0,0.9431381524720044,-2.5177657783077505
163,0.0,1.0,1.423460573879794,3.3446915674877316
164,1.0,0.0,0.9363008807030313,2.025835707133071
165,0.0,0.0,-2.780453555233537,2.091921618481458
166,0.0,0.0,-2.518577630755731,0.9222412444953053
167,0.0,0.0,2.349026579436824,-2.737084037330448
168,1.0,0.0,1.13722707766421,-1.1484933744199166
169,1.0,0.0,0.8350267305209599,-1.296720095035681
170,0.0,0.0,0.5458421971636523,-0.6098763357385342
171,0.0,0.0,-0.023941568073804653,-5.627517613245381
172,0.0,1.0,-0.29716704929876836,3.9163954664468497
173,1.0,0.0,1.104178697427978,-0.8877937623226163
174,0.0,1.0,2.3641824730267578,1.9674201647966454
175,1.0,1.0,3.004790934052093,0.1574431444639851
176,1.0,1.0,1.8048163120118788,0.5391538064179053
177,1.0,0.0,1.8193874995600154,0.543651387259281
178,0.0,0.0,-2.0453128941334,0.24007542428155232
179,0.0,1.0,-1.6874271500214655,3.6787019959288854
180,1.0,0.0,-0.11585759712667133,0.1685803140850563
181,1.0,0.0,4.414029627066983,-2.300829852367258
182,1.0,0.0,0.2880115897686128,0.059826761148505096
183,0.0,0.0,-2.412974908136258,0.9202145459558245
184,0.0,0.0,1.197513508794786,0.17353792493852802
185,0.0,0.0,-1.8393910705882979,-2.432697468234571
186,0.0,0.0,-2.4356108549821687,-1.53943235054522
187,1.0,1.0,3.0013545572183733,2.6444607764443906
188,0.0,1.0,-0.742395512049066,1.028520330263951
189,1.0,1.0,1.7719113123928047,1.9980704069460962
190,0.0,0.0,-3.352364224387975,1.0899128913584164
191,0.0,0.0,-3.4660833214360904,-0.5692179964988149
192,1.0,1.0,1.818549154870172,3.8909259289833407
193,0.0,1.0,-0.2628988821611694,3.520038621064632
194,0.0,0.0,1.0464777524944804,-1.5648663019906845
195,0.0,0.0,-2.4868889206166163,0.08764910837032737
196,0.0,0.0,-0.11830066935923896,-1.188049039792465
197,1.0,1.0,-0.5032967803627003,0.08300104543677991
198,0.0,1.0,2.605314291068171,1.1683736745338822
199,0.0,1.0,0.30305602039691504,3.0324391484346442
200,1.0,0.0,1.345255825640938,-5.4675679751980955
201,1.0,0.0,3.052334477113202,-0.23148723726130482
202,0.0,0.0,-1.138332061650704,-0.7602232032110301
203,0.0,0.0,-1.0018067754540467,0.4991068417043079
204,0.0,0.0,-2.670198958063608,-1.626612516133837
205,0.0,1.0,-1.206426579992755,1.4529857120784377
206,0.0,1.0,0.48987716733239456,1.8505142667150778
207,0.0,1.0,-1.492017275512795,1.8463731542070305
208,0.0,1.0,-1.4724901010125224,3.8718293803400243
209,0.0,0.0,-0.30562878294416,0.2565268331264467
210,0.0,1.0,-1.540673098476915,5.1317022230701435
211,0.0,0.0,0.12552006196454224,-0.48253169528239537
212,0.0,0.0,-2.0655528206421847,-1.5429658157045534
213,1.0,0.0,3.8472809841318805,-2.706676363007775
214,0.0,0.0,-1.6508111279272362,-2.549894832077751
215,0.0,1.0,0.8427622348704108,-0.7099841658394764
216,1.0,1.0,1.668632964106676,0.7584920562903736
217,0.0,0.0,-1.2354845694432695,-2.3498861582849213
218,1.0,1.0,-0.7160953388316231,0.2522758627652271
219,0.0,1.0,-1.7752092805960227,2.7656669930495243
220,1.0,0.0,1.9097207873174877,-0.7733811368978297
221,1.0,0.0,3.1222633214631186,-2.4444031680746234
222,1.0,0.0,3.1783144803526384,-0.461680443330732
223,0.0,0.0,-2.53200783226113,-2.280200682061913
224,0.0,0.0,-1.1948416509645743,-1.3966322124448212
225,0.0,0.0,-0.6553039402920537,-5.488842053037286
226,0.0,0.0,-0.30317813139091165,-1.879083178761885
227,0.0,1.0,-0.42510333353153745,-0.9970180118439326
228,0.0,1.0,-0.3352281818009874,0.2546557810714334
229,1.0,0.0,2.676988113774497,-1.3355371797376716
230,0.0,0.0,-1.549147693122353,-1.702321241716636
231,0.0,1.0,-0.10700664230700889,2.8174429253245346
232,0.0,0.0,0.0023192694661606306,-3.0269682325010105
233,0.0,1.0,-2.1973872427916326,3.557997202698475
234,0.0,1.0,-1.8819345189256083,2.8049376111825493
235,0.0,0.0,0.7032673527329592,1.1501864116202758
236,1.0,1.0,0.23853030548198853,1.3487931683844037
237,0.0,0.0,-2.948935814648928,0.30926001164012845
238,1.0,0.0,-2.8908434207005955,0.41976224340469004
239,0.0,0.0,-2.5521223185586748,-0.06414398175167448
240,0.0,1.0,-2.426323920903427,-0.6999354978644852
241,0.0,1.0,-2.0494528700527925,0.8856426934678592
242,1.0,1.0,2.054281734053939,2.4711309364943577
243,1.0,0.0,-1.5494534339449104,-1.01705530770414
244,0.0,0.0,0.11043577550565396,-2.27152516380258
245,1.0,0.0,2.8383410866083967,1.4994877634253347
246,1.0,1.0,3.354785703260288,-1.7215373662106772
247,0.0,1.0,-2.818429455375676,0.7810964544578046
248,1.0,0.0,3.2551475267556285,2.0197958531187985
249,0.0,0.0,2.490461155072628,-3.5024526963131946
250,0.0,0.0,-0.47374559453188647,0.6179761050218253
251,0.0,1.0,1.0938689122907066,1.7249877144088248
252,1.0,0.0,0.9935293612871254,-2.7557045535958404
253,0.0,1.0,-2.1426329216680835,-1.0397633419772
254,0.0,0.0,-3.12725059980687,-2.015460704189081
255,0.0,0.0,1.0331172474620305,-2.852672305936842
256,0.0,0.0,1.0403973153876616,0.18463945729260076
257,0.0,0.0,1.3090728027124805,0.9120220925434164
258,1.0,0.0,2.5821684335045685,-2.435436448802885
259,1.0,1.0,3.63638955028032,-0.9123765822753249
260,1.0,0.0,0.619093991853374,2.0179824447970227
261,1.0,1.0,1.5360724599816218,1.4137270746592883
262,1.0,0.0,4.143840202696186,-0.2292787163491481
263,1.0,0.0,2.1073710867625475,1.6586500290652684
264,1.0,0.0,3.3558798711050466,-3.3685043479749988
265,1.0,1.0,-0.3607780360628992,3.6061597820999878
266,0.0,0.0,-0.8913499264029275,-0.562029880040261
267,1.0,1.0,-1.415702698795802,2.7689448898237545
268,0.0,0.0,1.478695786388456,-0.24083552979878983
269,0.0,0.0,-1.3743007096501116,-1.1716466212141394
270,0.0,0.0,-1.725163121258179,-4.68239467712322
271,0.0,1.0,1.1068214502369544,-0.3499172840302398
272,1.0,0.0,0.1569553751488729,1.3900534678458931
273,0.0,0.0,-0.7376679288630863,-1.9600497491779751
274,1.0,0.0,-1.998302663778318,-2.4320690534809724
275,0.0,0.0,0.523858702803791,0.9979740998799784
276,1.0,0.0,2.9501465339225783,-1.7866518602720955
277,1.0,1.0,2.2447404632562447,1.080284819095198
278,0.0,1.0,0.069365578809219,1.737617912796133
279,1.0,0.0,2.6087468977483845,-1.4859363012354423
280,0.0,1.0,2.442435639496916,3.2641575530444267
281,0.0,0.0,1.120633815216608,-2.0954910618523623
282,0.0,0.0,-2.0287175490039373,-0.019995233503413843
283,1.0,0.0,-0.9063558778498345,1.4717646778459932
284,0.0,1.0,-0.5848835980137623,0.8865906923758555
285,1.0,0.0,1.998198638042037,0.690307090946538
286,0.0,0.0,-1.3632413151454232,-2.851369810212578
287,1.0,1.0,3.4472923514772016,-1.301676008503015
288,1.0,1.0,1.1146724221366922,2.4590127318175563
289,1.0,1.0,2.0928839766543437,2.6292527397371512
290,0.0,0.0,-1.6710928578391657,-0.69923202437996
291,0.0,1.0,-0.5489333965595152,2.902693042079141
292,0.0,1.0,-0.9157155961656316,1.302098318947899
293,0.0,1.0,-0.2121100261601144,-0.015356160759949587
294,0.0,0.0,0.6401602541575776,0.7999399931668325
295,1.0,0.0,3.6730702029017563,0.2811785335934097
296,0.0,0.0,-1.5404641144325204,-1.0861081467743112
297,0.0,0.0,-1.4230173128171477,-0.9522879018293574
298,1.0,0.0,-1.4850689871988652,-1.4390617868304427
299,1.0,1.0,3.457416251554479,1.3131699795153102
300,1.0,0.0,3.292029350070367,-1.0747495779601082
301,0.0,0.0,-1.0131360644820384,-1.1791011975740862
302,0.0,1.0,-0.18505278970346875,0.9963447411496816
303,1.0,0.0,1.4129701141102824,1.9600718382672055
304,1.0,0.0,1.9081129467565472,-1.1029693767935669
305,0.0,1.0,-0.580418973178259,0.14719286748189708
306,0.0,0.0,-0.2848150259814391,-0.5307169373659915
307,1.0,0.0,-0.12755523180357786,-0.2616882414040258
308,1.0,0.0,2.282620816962558,0.4823927887467338
309,1.0,0.0,1.123325809313968,-1.0252761118014957
310,0.0,1.0,-0.8971534415564086,2.643176178923049
311,0.0,1.0,-1.2844305078853682,0.17459607802737115
312,0.0,0.0,-1.5508560644034313,1.148555439517298
313,0.0,0.0,-0.3440111547991624,-1.7351138013459706
314,1.0,1.0,0.7947055164906441,0.9627282635797515
315,0.0,0.0,-1.6197464197615905,-0.4162635773331598
316,0.0,1.0,1.3931424899314304,1.2204729956711853
317,0.0,1.0,-3.229103087213269,-0.7085858540703885
318,0.0,0.0,-0.5558337356850875,-1.7680255275519938
319,0.0,1.0,-2.9477272468635087,2.4130504472456282
320,1.0,1.0,2.3704777270057855,2.7625341893619186
321,0.0,0.0,1.2507015331015356,-0.3392868747607817
322,1.0,0.0,0.743916980816877,1.5415373785994702
323,0.0,1.0,0.34126027288439165,1.4876179354653374
324,0.0,0.0,-0.11920439493663045,2.8777155832783965
325,0.0,1.0,-1.2380396594183598,1.0870879932160533
326,0.0,0.0,-1.5716727314709895,-1.01476997512457
327,0.0,0.0,-0.5814375366295054,-2.0658559352798327
328,1.0,1.0,1.5471659377759581,2.788936062499706
329,1.0,0.0,2.5216683626597614,0.772473444711793
330,0.0,0.0,-0.06945743118990869,1.7454307219328156
331,0.0,0.0,-0.9323525184418202,-0.9547954423927506
332,1.0,1.0,0.5536890930643131,4.964378180775691
333,1.0,0.0,2.0410605941308533,-3.407183895321865
334,0.0,0.0,-1.6591597063523211,-0.6091010135127001
335,0.0,1.0,-0.5522401812747854,-1.0734300024835763
336,0.0,1.0,-0.14139380639418303,0.6620931388938551
337,0.0,1.0,-1.319264255985797,0.6399603396589438
338,0.0,0.0,1.4647388166269517,0.9881657256500711
339,0.0,1.0,-0.7072535316415891,1.1887632894105309
340,1.0,1.0,0.614445988616659,2.3554190549792704
341,1.0,1.0,1.9872395527628108,1.9035340438311388
342,0.0,0.0,0.08604849322754383,-3.7257884145812965
343,1.0,0.0,1.8819374130776028,0.7305196338252798
344,0.0,0.0,-2.6492401241815564,0.48888997340489787
345,0.0,0.0,-1.0173656805200797,-3.3208045586917025
346,0.0,0.0,2.9645738225785014,-0.6860957149358796
347,0.0,0.0,-2.1266243344076514,-1.7707602159232836
348,0.0,0.0,1.3603798015968822,-2.8404086319273403
349,1.0,0.0,1.425660637975961,0.9076012401817443
350,1.0,1.0,3.481787740362791,-1.058516841789453
351,0.0,1.0,-2.5506229373298455,2.8428816483622037
352,0.0,0.0,-3.4918990551593727,1.2806310587447423
353,0.0,1.0,0.00778803258613949,3.286397073155556
354,0.0,0.0,0.023027211714010072,-1.7903250269014583
355,1.0,1.0,3.866382937906719,1.1455502218322722
356,0.0,1.0,-1.0060607679175144,2.4559156210853885
357,0.0,0.0,-1.0684422005984402,-2.759946852737289
358,0.0,0.0,0.7742075583720461,-0.4458402415547267
359,0.0,0.0,0.3244903884287822,1.23491751067111
360,1.0,0.0,1.654120376887944,0.8392084646055733
361,0.0,0.0,0.13186352276214716,0.023207414585762462
362,0.0,0.0,0.9406853889788793,-1.7060615364105465
363,1.0,0.0,0.9241370507269753,-1.1388884437435738
364,0.0,0.0,-0.9709595651330494,-4.592557208396361
365,0.0,0.0,0.9495991782680123,-1.4503214984332344
366,0.0,1.0,-1.8238616967034493,0.7240364038224375
367,1.0,1.0,4.691364687110133,-0.9132591236623251
368,0.0,0.0,0.631074370092359,1.1429705754859905
369,1.0,0.0,2.1188350395016093,1.0512308351372024
370,0.0,1.0,2.139703616754173,0.7996643902989871
371,0.0,1.0,-1.9313896811847338,1.176336304866534
372,0.0,0.0,0.30188304819015405,-1.0273250749218492
373,0.0,0.0,-1.8969811453307903,-1.8548906706617063
374,0.0,1.0,-2.9492618441131864,2.7338763992861312
375,0.0,0.0,-0.6089613639219116,-0.1952871644772362
376,1.0,0.0,1.8480827132399313,-4.532084349331624
377,0.0,0.0,1.3457835991643927,-1.899291682334979
378,1.0,0.0,-0.6491252692048859,2.3226154931905154
379,1.0,0.0,4.2195536074352535,-0.0344398781431359
380,1.0,1.0,1.4269404789246534,1.3635937425660687
381,0.0,1.0,-1.0936417388949542,1.2275199001128985
382,0.0,0.0,-2.018394317487411,0.5109228764069623
383,1.0,0.0,1.7019453041777342,-0.9652949443703411
384,0.0,0.0,0.3132258125303419,-3.688899996965203
385,1.0,1.0,2.87632991911855,0.059135862754807006
386,0.0,0.0,-2.7684462975823196,-2.164890982696925
387,1.0,0.0,0.6830779049348326,1.5859720839988025
388,0.0,1.0,-0.9100941080341985,2.1483208197185197
389,0.0,0.0,-1.0320958435333747,-1.041396034737818
390,1.0,1.0,0.5579490863155874,4.280746057163243
391,0.0,0.0,-1.255894290726323,-0.5807661671288772
392,1.0,0.0,2.6058681849602943,0.027274015086780103
393,1.0,0.0,0.08775149132783118,-1.2175111607165738
394,0.0,0.0,-3.309685443307269,-0.8381858890725858
395,1.0,1.0,2.08906209579081,2.3385172640746608
396,1.0,0.0,1.1295860153732271,1.3422360944838003
397,1.0,0.0,0.8217493294078414,-1.9801585328552007
398,0.0,0.0,0.09053079943036406,-2.743806748557267
399,1.0,0.0,3.3378695874006565,-4.023347330516049
400,1.0,0.0,-0.2818009944475241,1.3576378757618306
401,1.0,1.0,0.9739475580538535,4.052340327919435
402,0.0,0.0,0.16171743236967892,0.8032289897927265
403,0.0,0.0,-0.12413922603501859,-3.353887325204124
404,0.0,1.0,1.2427596243868948,1.0427287722815168
405,0.0,1.0,1.1692846121895366,0.21531753613480903
406,0.0,1.0,-0.313186388391864,-0.43791411963770766
407,0.0,1.0,-4.648475394653393,3.6294551249827243
408,1.0,0.0,1.7043877220337276,0.23148527836093033
409,0.0,0.0,2.0941321252110505,-3.0116918567566717
410,0.0,0.0,-2.259101409153613,0.09097149799992484
411,0.0,1.0,1.614729266854993,1.1268029703963378
412,0.0,0.0,2.000579721204809,-2.0167966570296927
413,1.0,1.0,0.760420715576859,3.1465549062139258
414,0.0,0.0,-0.31726617519023326,-0.828188372762689
415,0.0,1.0,-1.8467229702648167,2.3575531979639472
416,1.0,0.0,0.06820210462798168,-1.7736032882221027
417,1.0,1.0,1.103579869440496,2.7901261470476038
418,1.0,1.0,2.6645967989762127,2.5466064902967998
419,1.0,0.0,2.6505962791764643,-0.23587386698370463
420,0.0,1.0,1.5892587800843867,3.874689055524614
421,0.0,0.0,-2.3738652876319106,-1.893197970073676
422,0.0,1.0,-1.1804006051188747,3.303829516702628
423,1.0,0.0,2.466553608854127,-0.2078986740584445
424,0.0,0.0,-0.2454727034627206,0.33092346971963976
425,0.0,0.0,0.20959671598852017,0.3452967243020519
426,1.0,1.0,1.346124439087475,-1.2623834004260235
427,0.0,1.0,-2.8654126238881608,1.5183280160287536
428,0.0,1.0,-0.4170669230667649,1.1487916475837885
429,1.0,1.0,-0.4636273805295819,0.6702123194325187
430,0.0,0.0,-3.7188358412701508,-2.726427609522991
431,1.0,0.0,3.680574033049362,0.4064661662504653
432,0.0,0.0,1.0594414883188745,-1.3278171647871304
433,0.0,1.0,-0.27402956616582624,3.3565545687367977
434,1.0,0.0,0.7358076561210529,0.880772708695911
435,1.0,1.0,1.860880487970942,-0.40788414840511683
436,0.0,0.0,0.6604272535451596,-0.8754659098406699
437,0.0,1.0,0.40614261459718937,1.4306103821234635
438,1.0,1.0,3.7819743870142397,1.8866173564712903
439,0.0,1.0,-2.305374264890156,-1.6588833274997437
440,0.0,0.0,-1.2859953567786047,0.7243018698053879
441,0.0,0.0,-2.058535543560387,0.26316192662092003
442,0.0,0.0,-1.2751697445247459,-1.1714257168896896
443,0.0,0.0,-1.6160029272016836,-0.41215338061224444
444,1.0,1.0,1.4609034237415075,1.3138503519978086
445,0.0,1.0,0.7704939469655347,2.9796194622031233
446,1.0,0.0,2.82456379449051,-1.8692876287224354
447,0.0,0.0,1.14118666571433,0.8120203418421724
448,0.0,0.0,-2.1070384530739754,-0.08309952175448257
449,1.0,0.0,3.712313986171759,-2.7866738631416514
450,1.0,1.0,-1.4265623650380723,-0.37832300863870194
451,0.0,1.0,-1.9168803714108285,0.6088703755860561
452,0.0,1.0,-2.073214786008649,2.095226504251736
453,1.0,1.0,2.4402484606716133,1.994895884192275
454,0.0,1.0,-3.074873819974284,1.604675696748432
455,1.0,0.0,-1.183183734419307,-4.126336344248922
456,0.0,1.0,1.6954506233180338,5.065111761885235
457,1.0,0.0,1.2889195776917832,0.012886153262406006
458,0.0,1.0,-1.297046504115208,1.526961698349318
459,1.0,1.0,4.8258037904383935,2.954674955750724
460,0.0,1.0,1.7078562001155233,2.705502702181542
461,0.0,0.0,-1.7729903241242135,0.6600468489297043
462,1.0,1.0,2.7908521400686097,0.6733148325976197
463,0.0,0.0,-1.27953163632017,-3.256497236534945
464,0.0,1.0,0.020391574350759382,1.5268734466522442
465,0.0,0.0,1.0770021482502257,-1.1704617794534262
466,0.0,1.0,-0.2683815159027078,2.837184334110662
467,1.0,0.0,0.7830032430232025,-0.13870390566574134
468,0.0,1.0,-0.5494161451719735,4.456844548192769
469,0.0,0.0,2.8631318770521728,0.11170869738902028
470,1.0,0.0,1.982648324280627,-1.7761492488503683
471,0.0,0.0,-1.3318149273781246,-0.09833768848948717
472,0.0,1.0,-3.395429466817178,1.7060902280709171
473,0.0,0.0,-4.923856351480706,2.446545686413091
474,0.0,1.0,1.0700090048958035,2.6089540444906216
475,1.0,1.0,5.027575127119303,1.1969602346579948
476,0.0,1.0,-1.6781752324457442,2.0385882716856183
477,0.0,0.0,-0.35281136882294967,-1.6946753309715221
478,0.0,0.0,-0.17778927280519494,-3.2070105078955873
479,1.0,0.0,0.6482664308650109,-2.0507484594777954
480,0.0,0.0,-0.8941087603194846,-0.5828694432846986
481,1.0,0.0,0.17017063585927625,-2.380844116498309
482,1.0,0.0,2.690670769054281,1.784961587548555
483,0.0,1.0,-1.1459939798319303,0.3067422745082521
484,0.0,1.0,-1.072607610601579,-0.9848310234237967
485,0.0,1.0,0.04518078548793337,5.503938217170768
486,0.0,1.0,-2.2960671062303715,2.378785228259095
487,0.0,1.0,-1.6021024921692262,2.8903191336807645
488,0.0,0.0,-0.8127139134969408,-3.328798250439013
489,1.0,0.0,3.6070719455035247,0.9702939314193864
490,1.0,1.0,0.026442397658497784,1.4679636633555853
491,0.0,0.0,0.5574556536148653,-1.5150703573882764
492,1.0,1.0,2.428308237205209,1.4886623786354067
493,1.0,0.0,-0.6047501671812663,-2.6153978994174083
494,0.0,0.0,1.6586510790222777,2.8174716898830656
495,0.0,0.0,-1.5628295746601548,1.4713913512164627
496,0.0,1.0,2.5079933518862667,2.807911347996756
497,1.0,1.0,0.10657840859654745,2.1391113869901157
498,0.0,0.0,-0.5149999070452063,-2.1875217724647045
499,0.0,1.0,-2.6254804472718654,1.750135774022712
500,0.0,0.0,0.15420459217602567,0.8346240726554202
501,1.0,0.0,1.534825808504409,-0.25765608293142955
502,1.0,0.0,3.847097365902685,-2.436092516427737
503,0.0,0.0,-0.8380603786953088,-0.0891901682614577
504,1.0,1.0,1.8258288599263623,-0.29916042424228634
505,0.0,1.0,-1.682274239030599,3.0449586286227883
506,0.0,1.0,0.7303590083368064,2.8502953395560597
507,0.0,0.0,0.3280185154953441,-2.768166595471597
508,0.0,1.0,0.24427379775804653,-0.8670800617600377
509,0.0,0.0,-0.9563797108254298,-3.3427051201451454
510,0.0,0.0,1.4223969816043591,2.4169428120898733
511,1.0,0.0,1.0444012239481282,-2.331612364472153
512,0.0,0.0,1.2559962789965058,-2.338674184287818
513,0.0,1.0,1.2351255182590775,-1.6605846227450483
514,1.0,0.0,1.4940579325339256,-1.1127185206169772
515,1.0,0.0,-1.6537923395206418,0.05768423862187921
516,0.0,1.0,-0.8173482923467922,0.008067380538823334
517,0.0,1.0,-0.34156811922262537,1.0413446058160432
518,0.0,0.0,-0.24357918945736803,-0.44114227727563465
519,0.0,0.0,-0.4125326840646642,0.43160211314165814
520,0.0,0.0,-2.1159855685903257,1.332137125970026
521,1.0,0.0,1.619773148579929,0.4363485538705507
522,0.0,0.0,-0.17903119407424933,-2.7174031971111114
523,0.0,0.0,-0.8353708690139763,2.381871097661652
524,1.0,1.0,2.1132989986298902,0.9509355961578863
525,0.0,1.0,-0.9848332943203015,-1.182266660453345
526,1.0,1.0,2.300865626402858,-1.0490058623891774
527,0.0,1.0,0.8437191475399018,1.887643683752759
528,0.0,1.0,-0.6770303513119803,2.458454591584966
529,0.0,0.0,-0.7315464346068662,-1.973519876249013
530,1.0,0.0,-1.1985385663210684,-0.5202603822650851
531,0.0,0.0,-2.229497308060063,1.442097548839159
532,0.0,1.0,1.7571116307931323,1.632757508473508
533,0.0,0.0,0.8435378882533049,-3.5592388451755412
534,0.0,0.0,-2.4350610835020725,1.1294604994521034
535,0.0,0.0,-1.6751472434243646,-2.7473902926643667
536,1.0,1.0,6.379567027811454,-1.2748595084361967
537,0.0,0.0,0.10648266875805662,-3.30980323194196
538,0.0,0.0,-0.6700134120477431,-5.625480628326589
539,1.0,1.0,0.4682876318865773,0.9484901164060492
540,1.0,1.0,-0.8558146633781605,1.5753250043564013
541,0.0,1.0,-3.5559843931661517,0.5585674127976195
542,1.0,0.0,0.8467622668238284,0.8517000475977698
543,0.0,1.0,-3.2114713041119693,0.6240570705483722
544,1.0,1.0,3.3213867631495155,3.83150228094857
545,0.0,1.0,-1.5665925984617928,2.390180359070815
546,0.0,0.0,-1.3784031345551933,-0.3355512651636742
547,0.0,0.0,-0.388658013313587,-1.67028242502958
548,0.0,0.0,-3.3095958404645254,-1.6084574884789742
549,0.0,1.0,-0.2199659557192445,0.0667891707166642
550,1.0,1.0,3.206514090573364,0.7611733992793873
551,0.0,1.0,0.3131540417963074,2.817726044694285
552,1.0,1.0,2.1401366718765282,2.3744696480561034
553,0.0,0.0,0.2803222394611662,2.8958008357453626
554,1.0,1.0,5.000644487905458,2.107219575911578
555,1.0,0.0,1.9254159737742567,0.4328219637403745
556,0.0,0.0,-1.6983863583008354,-0.6602662109635888
557,0.0,0.0,-3.817350245941756,0.32407007164966034
558,0.0,1.0,-1.1815989407589642,1.5137676142783394
559,0.0,1.0,-2.450911603076503,1.4960886321912412
560,1.0,1.0,-1.4313331089715728,2.0749014766446794
561,0.0,0.0,-0.08998173882512854,-1.342879388746541
562,0.0,0.0,-0.42803507863348,-3.1266476426981873
563,1.0,1.0,1.3131253895922672,2.94696653404571
564,1.0,1.0,2.3452675203772966,0.8039531513277203
565,0.0,1.0,-1.2912369337033207,1.6306651925272544
566,0.0,0.0,0.5016315979743198,-0.9244374857435167
567,1.0,1.0,1.871597927112423,3.34149247745773
568,0.0,0.0,-0.40643218652380875,-2.159013653319181
569,0.0,0.0,-1.2580777689227027,1.1076564285941772
570,0.0,1.0,-3.023564739220392,0.13060162884528997
571,1.0,1.0,3.3513493035389703,1.9301857932092867
572,0.0,1.0,-1.6855216373975126,1.8217659040506504
573,0.0,0.0,2.4315487653498455,0.44652231221254046
574,0.0,0.0,-1.3380216454829066,-0.4270275835753033
575,1.0,0.0,1.9952087495367252,-1.646447731053049
576,1.0,0.0,2.8002671215727846,-2.304888149508198
577,1.0,0.0,-0.7800409798366719,0.3836334014720711
578,0.0,0.0,-1.687952164924673,-1.8155158781589946
579,0.0,0.0,-0.46330254802186904,-2.223337833876089
580,1.0,0.0,0.9412420268820937,-2.4683202068377215
581,0.0,0.0,-1.567714909389386,1.7509277707998323
582,0.0,1.0,-1.0664095768678392,0.02804530626911624
583,1.0,0.0,2.163475260775348,-3.8029630964079906
584,0.0,0.0,-0.5656967788998191,-0.6387726725562622
585,0.0,0.0,2.924468786064385,-2.133091116515589
586,1.0,0.0,1.1335074207507385,-2.2123486193029342
587,1.0,0.0,-0.9129986602540788,2.3090175702052314
588,1.0,0.0,2.2326225782285998,3.5203713609766702
589,0.0,0.0,-3.1607202440815825,-0.6189082136446646
590,0.0,1.0,-0.06192651340169232,-0.9751325408756587
591,0.0,1.0,-1.0196313700926296,1.4820302028525096
592,0.0,0.0,-1.9265837721817907,-2.491439404688352
593,1.0,0.0,0.5347114790671861,-1.627737787449272
594,1.0,0.0,4.651658627506853,-0.20729178058219572
595,0.0,0.0,-0.49503975977564607,-1.739387981358187
596,0.0,0.0,1.59219869672414,-0.4801435530594172
597,1.0,0.0,0.8793140295894314,-0.8058491746933529
598,1.0,0.0,-0.3289583301619047,0.7891535678401178
599,0.0,0.0,0.015269246280390987,0.9732398126845975
600,1.0,0.0,1.139399440516414,-0.8815859352638864
601,0.0,0.0,-1.9218327848797887,-4.356976978815609
602,0.0,1.0,-0.657269257743279,1.8295515741099535
603,0.0,0.0,-2.329540921487213,-2.674733767622868
604,1.0,1.0,-3.105041591929825,1.0328461535289373
605,0.0,0.0,-1.4554679156387103,-3.1661573227855158
606,0.0,0.0,-3.999327675103478,1.8669958868344294
607,0.0,0.0,0.11974141869831535,-2.176265521189209
608,1.0,1.0,1.7933337178096422,2.3848372078469926
609,0.0,0.0,-0.4190144591907793,-4.023613937096651
610,1.0,0.0,3.432091464376699,-1.66250163068927
611,0.0,1.0,-1.5998135056201148,1.2305682029171687
612,1.0,0.0,1.5696684850361617,-3.179326261117829
613,0.0,0.0,-1.1196850900833697,-0.4944530034474306
614,0.0,1.0,-1.9079121277705933,2.3766716841709155
615,0.0,0.0,-1.9058526097331874,-1.187242182412854
616,0.0,0.0,-0.5584183088850829,-1.6233266656689866
617,1.0,0.0,2.9249152334962987,-2.114348145266697
618,1.0,0.0,1.4973904257736501,-2.4800238118149394
619,0.0,0.0,0.9946562346219645,-1.1952637735594343
620,0.0,1.0,-3.541064325977855,0.5503893249803983
621,0.0,0.0,1.2438434787509622,-1.6615580737488211
622,0.0,0.0,0.22736323353288615,0.14966238006743088
623,0.0,0.0,-1.3708955706549768,-1.0528768061022409
624,0.0,1.0,-3.6939220949276743,2.302810994027391
625,1.0,1.0,0.16022054232088462,1.2949741750289077
626,1.0,1.0,0.6502586253050416,1.0134334737872122
627,0.0,0.0,-0.0816219825212968,-1.3374567456229502
628,1.0,1.0,1.4443646467922222,1.1184137292278684
629,1.0,0.0,1.7312326184785103,-1.1464577688437028
630,1.0,1.0,-0.6916273110759382,0.8719734411237561
631,1.0,0.0,1.8448922882483778,-3.0181795858857576
632,0.0,0.0,-3.5587381528295237,-1.0227558117882984
633,0.0,1.0,-1.0956160473182777,1.945037253430089
634,0.0,0.0,0.38756740177257626,-0.30725488165287573
635,1.0,0.0,0.42904902194241173,1.2139472267000058
636,0.0,0.0,-1.6824129311479485,-2.127628105263005
637,1.0,0.0,3.2003266580488186,-4.7611476656192115
638,1.0,0.0,1.43630915310299,-0.2553728559001976
639,1.0,0.0,1.8105484216138157,-2.462838652049641
640,1.0,0.0,0.7002456363362849,2.416791148016111
641,1.0,0.0,1.3396555828534975,-1.5911960854446932
642,1.0,1.0,1.4331044190536253,1.5267573180169594
643,1.0,0.0,2.4237993034830065,0.3808899543156901
644,0.0,0.0,-1.9372782018422565,-0.5650631652371326
645,1.0,1.0,1.0243068505010355,0.9940721979542781
646,1.0,0.0,0.3069407790616808,-0.9613461803411225
647,1.0,1.0,3.316383142178428,2.4870866411255825
648,1.0,1.0,1.017488264994641,1.2039279961186689
649,0.0,0.0,-1.26694637127839,1.3081491498273785
650,0.0,1.0,-0.9035487589118484,1.4119140605338873
651,1.0,0.0,1.2987561815929927,-0.6184751206434026
652,0.0,0.0,-2.6540862052807106,-0.5101758192440422
653,1.0,0.0,0.9828350412398161,-0.5843532921537039
654,1.0,0.0,1.111640098221231,-0.6286593455408839
655,0.0,1.0,-2.980189013100386,0.5108188707841409
656,1.0,0.0,2.0250081710089445,0.3304212863807159
657,1.0,0.0,1.2416172361322884,1.3144071128396295
658,0.0,1.0,-0.1306043490567513,4.338274693953323
659,1.0,0.0,2.3541778683329593,2.915502980483799
660,1.0,0.0,-1.2915375672689562,0.46643803622674873
661,0.0,0.0,0.02969310221450804,-0.26909829069385366
662,1.0,1.0,2.5304453266855607,2.587587923978652
663,0.0,0.0,0.5522325872480438,0.4346082367345863
664,1.0,0.0,-0.5256858674323397,2.058789812938678
665,0.0,1.0,-0.10748671983452256,3.2273106827561815
666,1.0,0.0,0.8052899017902793,1.7833529644940258
667,0.0,0.0,-0.1387730381964896,-4.36078468432599
668,0.0,1.0,1.7614847696277218,1.1558476455720226
669,0.0,0.0,0.4338991552949049,-0.9138196996185844
670,0.0,1.0,-2.159123382715038,5.98022414331343
671,1.0,1.0,-1.6712326237398203,1.707315924305493
672,1.0,0.0,2.423513891218281,1.4254390549269123
673,0.0,1.0,-4.002867075110347,0.8398354701402804
674,1.0,1.0,0.5018113882582474,0.532910343125383
675,0.0,0.0,-1.5002302650631414,-0.4820645419395503
676,0.0,0.0,0.9106336053036655,-1.374933137198656
677,1.0,0.0,-0.7594540960719514,0.8417955401384509
678,0.0,0.0,0.027254048926201042,0.541604283775111
679,1.0,0.0,1.7965660223456643,0.11484948576062402
680,0.0,1.0,-1.6151037480320083,1.6175775627001634
681,0.0,1.0,-0.22885675295626723,2.272030681776384
682,1.0,1.0,3.8381228424705727,2.164627133892648
683,0.0,0.0,1.0677713846782422,-0.9176743882307657
684,0.0,1.0,-2.8248280555375573,1.527314290810547
685,1.0,1.0,1.6664545501446684,2.6136667603129218
686,1.0,0.0,3.2111982225573943,-1.7280570359890335
687,0.0,0.0,1.1129830065512747,-4.357226123276558
688,0.0,1.0,1.9716538680963673,2.075040783025605
689,1.0,1.0,0.7067182852165184,-0.4314990328171714
690,0.0,1.0,-0.2870360595483326,2.6992016464698847
691,0.0,0.0,0.6787418551245734,-0.5982464052668568
692,0.0,0.0,-3.2337151538903495,-0.019767100174112005
693,1.0,0.0,2.4736840955818336,-4.915044798658605
694,0.0,1.0,-2.2900585386101215,0.8112407079664951
695,1.0,0.0,1.215587210551815,-1.0352928939470274
696,0.0,0.0,-2.953699447052193,-0.8764695001659081
697,1.0,1.0,-1.0482441153172242,1.7539298447785558
698,0.0,1.0,-0.6575901768148428,1.7713200985481141
699,0.0,1.0,-1.1715972256002496,1.9940259554788642
700,0.0,0.0,-0.4158124627213345,-2.513634906951499
701,0.0,0.0,-2.4499201460012707,-0.9878230663915611
702,1.0,1.0,2.216662584656131,1.8017687576506387
703,1.0,0.0,-0.06421303492248431,1.3230108452891407
704,0.0,0.0,0.3897633017097488,1.2634375138050886
705,1.0,0.0,1.0682225843670243,0.5294265433108043
706,0.0,1.0,-4.759330835085888,0.5891890647069586
707,0.0,0.0,0.1712219819918506,-1.941819299908635
708,0.0,1.0,-0.20070811222741802,1.96938913704889
709,0.0,1.0,1.4196103465142802,4.1332844125372095
710,0.0,1.0,-0.47818914476929,1.4859876467647664
711,0.0,0.0,0.9895766545849488,-1.7985393427904048
712,0.0,0.0,1.515342885381405,-1.6826437894920085
713,0.0,0.0,2.2121874099705816,-1.457267074884112
714,0.0,1.0,-2.829948030178013,3.039587447250974
715,1.0,0.0,3.4365894159863224,0.219834240499392
716,1.0,0.0,1.0802355953607095,-1.9876362810368096
717,1.0,0.0,0.058184518679547055,-1.6710957578183139
718,0.0,1.0,-1.0150006748445821,-1.5066689284505899
719,1.0,0.0,2.9698236282505546,0.2953347421531502
720,0.0,0.0,-1.5979764033004482,-1.852363796166671
721,1.0,0.0,2.6535647139887995,0.37357800079894776
722,0.0,0.0,-1.9263600385075719,-1.2502071872283125
723,0.0,0.0,-0.785971056391023,-1.032200257334619
724,0.0,0.0,-1.4703549902023179,-1.642623397656773
725,0.0,0.0,-1.2511293967552608,1.5675772279256128
726,1.0,1.0,0.19726534359888181,1.9077592359671454
727,0.0,1.0,-2.2570852300420676,-0.784353743208078
728,1.0,0.0,1.2356132433227758,0.54993499299695
729,0.0,0.0,0.8664699719066797,-2.6179827781143246
730,1.0,1.0,1.4439793937295284,-0.16265443435728716
731,1.0,1.0,-0.19197074433980024,3.3558583901129606
732,0.0,1.0,-0.054126571922880104,1.6536514461678038
733,1.0,1.0,3.938070632634992,-0.07545010166887645
734,1.0,1.0,2.3151601869772405,0.5318202992663325
735,0.0,1.0,-2.1174508627885764,0.6564085635259719
736,0.0,0.0,-0.6110154438699005,0.06299781569021272
737,0.0,0.0,-1.77717079588278,-1.255744221100124
738,0.0,1.0,-0.8279509407134286,-0.656964874757608
739,1.0,0.0,-0.5902825485052808,-1.5503123554637208
740,0.0,0.0,-0.7271935127788186,-2.12663313167171
741,0.0,0.0,0.47335267983508195,-3.0263437932984365
742,0.0,1.0,-1.0334221670447024,-1.324295125479808
743,1.0,0.0,1.0245347093990238,-0.4598136097646084
744,0.0,0.0,-1.6389673933951707,-1.601340814792317
745,0.0,1.0,2.2311243790382855,-0.5580986361918943
746,1.0,0.0,1.6105157392791583,0.5192481967811308
747,1.0,0.0,1.210131204731936,-0.738957784247051
748,1.0,1.0,2.8135003311852818,2.6463114804218635
749,0.0,1.0,-0.7145760668176198,1.7692620656742333
750,0.0,1.0,-2.0212434140398616,2.374576045338028
751,0.0,1.0,-0.4952827491044541,1.3966583908931067
752,0.0,1.0,-4.3185212105189,1.7781139937147645
753,0.0,1.0,-1.4733522272390311,0.10624600245337787
754,0.0,0.0,-5.760847414874691,0.6583993136994601
755,0.0,0.0,0.14201182875411517,-0.4910872144021538
756,0.0,1.0,-1.0842700202822932,1.3913436051065997
757,1.0,1.0,0.049434199014702224,5.30894686089105
758,0.0,1.0,0.6378666472682508,2.4071468930419297
759,0.0,0.0,-2.2836912260169924,-3.618596146493724
760,0.0,1.0,-1.4802177815610535,-1.1247536360453498
761,1.0,1.0,-0.3537510343038142,2.3928563911799645
762,0.0,0.0,0.1664204961138863,-0.8482657342993294
763,1.0,0.0,0.3404054284759803,-0.15172699705580675
764,0.0,1.0,-2.0176254986880973,0.5387116209175354
765,0.0,0.0,0.6235633977306684,-1.7680317803525638
766,1.0,1.0,3.060617760221505,-0.773642059961534
767,1.0,0.0,3.3668928504804203,-0.4915041257494836
768,1.0,1.0,2.100819564909043,0.10855774392432606
769,1.0,0.0,1.4263029295840057,-0.2708583454141807
770,1.0,1.0,3.1325417692627595,2.445091859310773
771,0.0,0.0,-0.7388257684712628,1.1211998884585752
772,1.0,0.0,1.7657027562250183,-1.576776109045174
773,0.0,0.0,-2.3145333730997097,-1.8094961540845962
774,0.0,1.0,-1.7567881039508308,1.7406033702192576
775,0.0,1.0,-0.31555653846603327,-0.9960872367489046
776,1.0,0.0,3.959800934086866,-2.2340429832792426
777,1.0,0.0,1.0512636869108694,0.41938607658357174
778,0.0,0.0,1.237186691266566,0.10645398933848492
779,0.0,1.0,-2.2056491357337213,-1.2155124817122398
780,1.0,0.0,-0.042751517380258224,-1.7980028144288225
781,1.0,0.0,3.489936691749529,-2.5081586472497777
782,1.0,0.0,3.359160092906983,-0.5707400799622004
783,1.0,0.0,2.2948186879453094,-0.4590009351567788
784,0.0,1.0,-0.9886542683148699,1.934418208725105
785,0.0,0.0,-0.5382240432835941,0.374458672901585
786,0.0,0.0,-0.5057324903885165,-3.728761401823676
787,0.0,0.0,-2.1020105449431576,-4.13932316230068
788,0.0,0.0,-1.7673732412263292,-4.860997000435181
789,0.0,1.0,-1.778225066009102,2.961574417955584
790,0.0,1.0,-3.7061198065083585,1.603430976673132
791,1.0,0.0,0.9631411874907285,-1.0316074422915549
792,1.0,0.0,1.604065809861714,-3.1512079895343548
793,0.0,0.0,-0.019440033969740034,0.6344632330917382
794,1.0,0.0,2.717180983245678,-2.9083308491309317
795,1.0,0.0,3.4273030072671165,-2.621260232117239
796,0.0,0.0,2.9696457115545836,-0.6748058788606665
797,0.0,1.0,0.5126501374184061,0.36261814909819357
798,1.0,0.0,4.385253940973051,-3.273876322300194
799,0.0,0.0,0.15697490219825552,3.058820941222799
800,0.0,0.0,-1.0045651898223176,-4.3512039983862945
801,0.0,0.0,1.6435397420404216,2.6384240152960223
802,1.0,0.0,-0.5684807871594666,-2.804123930983517
803,0.0,0.0,-0.6850344224624647,-0.47770423983705357
804,0.0,0.0,1.2839928941500744,-2.287226499672948
805,0.0,1.0,-0.20484742182560944,-0.9676614279027156
806,1.0,0.0,-2.1463671081296805,-1.8433536563371948
807,0.0,0.0,-0.08524501672959223,2.1178532852157894
808,1.0,0.0,2.5000574810912712,1.279409200117233
809,0.0,0.0,-0.8617422580660391,-2.414122628783347
810,1.0,1.0,2.1565019700757273,1.7682169112283548
811,0.0,0.0,0.46551547009448646,-0.6818051987030577
812,1.0,1.0,2.3655614284817656,-0.13507202052885844
813,0.0,1.0,-1.295949713267414,1.761251903346392
814,0.0,0.0,0.4544031431982579,1.8794937157106797
815,0.0,0.0,-1.5161821442184018,1.389560720247508
816,1.0,0.0,0.7236301408651553,-2.1662159058919226
817,1.0,1.0,1.0020312599002383,0.010739156276694639
818,0.0,0.0,-0.7561450267576573,0.8271355053787378
819,1.0,0.0,3.5110072188497985,0.6711140475871011
820,0.0,0.0,-3.1552358277779327,-2.9604234598525796
821,0.0,0.0,-0.8140457448636267,-0.9253086665236379
822,0.0,0.0,-4.102490366569947,0.2128339365178476
823,1.0,0.0,1.6077697459534435,-3.656713537546859
824,0.0,0.0,-0.32602435257065093,-2.8878530858252427
825,0.0,0.0,-0.9983581688897544,1.5676494465885356
826,0.0,0.0,-1.6825517631565208,0.08734471620652154
827,1.0,1.0,-2.1977510208968085,3.5135154087630727
828,0.0,0.0,-3.1387861779970883,0.4591929595061961
829,0.0,0.0,-0.2947149581733262,0.292375199994811
830,0.0,0.0,-1.532907688037515,-1.6117183805505342
831,0.0,0.0,-2.803894535661453,-1.596210537095601
832,1.0,1.0,3.079397582095828,1.0409387828917969
833,0.0,1.0,-1.6933639829932963,2.2069168880919046
834,1.0,0.0,-0.6237716751044405,-0.18584798430940586
835,1.0,1.0,2.12265696254204,-0.23678323711804286
836,0.0,0.0,1.6396033755993056,-0.9383244367551332
837,0.0,0.0,-0.2927339767189351,-2.4215100900089985
838,1.0,0.0,2.6128125705642287,-0.17280713863610211
839,0.0,0.0,-1.7550354720250796,-2.3733294880741553
840,0.0,1.0,-1.175059993181713,0.5257715191547893
841,1.0,0.0,2.5311461468798573,-1.7515108147502243
842,0.0,1.0,0.7834692484203056,1.6817601346363462
843,1.0,1.0,0.7302069404770926,1.4980436806524557
844,0.0,1.0,-0.30295865929818955,3.594083829075091
845,1.0,0.0,4.8126868521442345,2.7630646603193787
846,0.0,1.0,0.33704345155435084,0.7939197762726115
847,1.0,0.0,2.843549294852047,-1.7202663090985617
848,1.0,1.0,3.2929686230691,2.2826925679054693
849,1.0,1.0,1.9042128793760194,1.4811582620834935
850,1.0,0.0,1.593412218683223,-1.3475558120828262
851,0.0,0.0,-4.618185896866496,-2.8948688165226506
852,1.0,1.0,2.5972477233024245,3.6920059344941714
853,0.0,0.0,-0.6154295593392382,0.5134982790936939
854,0.0,1.0,-1.1765220388904352,2.048339674604733
855,0.0,1.0,-2.998892531915772,1.9545367669572242
856,0.0,0.0,-0.8874702572679796,0.40729978469630695
857,1.0,1.0,4.631504034256631,1.3053433771609917
858,1.0,0.0,2.4792701804657833,-1.1533272565362662
859,1.0,0.0,3.8184878725807754,-0.2457793213135059
860,1.0,0.0,0.9091530613771845,-1.87362840702523
861,0.0,1.0,-0.7167938002437424,2.129616078675344
862,1.0,0.0,0.632130703887302,-0.9842319470583747
863,0.0,1.0,-1.3484664993323296,2.3524173587177053
864,0.0,1.0,-1.4622049181061978,2.8990456786241734
865,1.0,1.0,3.2400542617426185,2.2624497657069185
866,0.0,1.0,2.3410726506672748,0.0603304376449578
867,1.0,0.0,1.904091907204886,0.4463221498017635
868,1.0,1.0,2.1629934496726864,-2.382526266456094
869,0.0,1.0,0.5130624431265406,1.7894630831215288
870,1.0,1.0,0.39398973109782254,0.018300143805525696
871,0.0,1.0,-2.717729760883734,1.109796313572974
872,0.0,0.0,0.505657027767262,-0.8122240882608072
873,0.0,0.0,0.5425325978447914,-1.5589215382235213
874,1.0,0.0,1.8110817620099247,-1.4798665908581472
875,0.0,0.0,-2.4922805558060483,0.3288771389120468
876,1.0,0.0,2.317210956597014,1.5604418347452866
877,1.0,0.0,-0.4401181889189185,-0.4482283196368488
878,0.0,1.0,-0.815419094673384,0.6098371549498999
879,1.0,0.0,1.0126314873283033,-3.0647140670123876
880,0.0,0.0,-1.0403083091171135,2.1944552247769042
881,0.0,1.0,-1.6222629520645615,2.68224751678483
882,0.0,0.0,0.4905987599543534,-2.4779301607734023
883,0.0,1.0,-2.0963081888524946,2.35305231888394
884,0.0,0.0,-1.6050512774617438,-0.6619081353407058
885,0.0,0.0,0.4827948952734952,-1.8721973122165416
886,0.0,0.0,-1.97953420880698,-0.7923966646233622
887,0.0,1.0,-0.577847063336498,1.0527136773765582
888,0.0,1.0,0.44440801536892716,5.251334108374219
889,1.0,0.0,1.2419942293411863,0.20902897558540434
890,0.0,1.0,0.34231921232664775,-0.0065809353458703215
891,1.0,0.0,4.352982465879473,0.8625266186898208
892,1.0,0.0,0.3075881290620999,-2.539965042165216
893,1.0,1.0,0.5258560355438345,2.8726127741514413
894,1.0,0.0,0.939762611240835,-5.489693520845733
895,0.0,1.0,-5.076881443415427,-2.4848162815311126
896,0.0,0.0,-2.603484187392392,1.089737548056995
897,0.0,1.0,-1.5133765396085002,1.6175310347505272
898,1.0,1.0,1.1295206399820596,2.9670220316641394
899,1.0,1.0,3.1771285223662575,-0.008296002100643428
900,0.0,0.0,-2.531183177008082,-1.6166771172019456
901,0.0,0.0,1.198586861229057,-1.8617210997152582
902,1.0,1.0,-0.012818820881754983,0.43954642485741735
903,0.0,1.0,0.08717570294233011,3.9546192096119386
904,1.0,1.0,0.8785696591969335,4.471887098908343
905,0.0,1.0,-1.2767072654854081,-0.9871388422411984
906,1.0,1.0,2.4854946248602396,2.556126446804308
907,1.0,1.0,3.869538822506747,0.7034915218350667
908,0.0,1.0,2.2378814233371207,2.3171232211980115
909,0.0,1.0,-3.1035339576590424,1.2616569101029549
910,0.0,1.0,-0.641652578405584,0.8427553836674997
911,1.0,1.0,2.137374889752559,1.1224496828089445
912,0.0,1.0,-1.0356327332444468,0.6660679829497357
913,0.0,0.0,-1.187430455850141,-1.8229871206023043
914,0.0,0.0,-2.714079666789972,-2.389220131745287
915,0.0,1.0,-0.7295646050975134,2.7576802126788986
916,1.0,1.0,3.074833022743139,1.1099541121268897
917,0.0,0.0,-2.481813733428251,-0.38382740483757716
918,1.0,1.0,0.2919510053028626,0.8836865771606464
919,0.0,0.0,-1.2158964934311225,-1.165989322100861
920,0.0,1.0,-1.8392689670922115,-0.26209052129686883
921,0.0,0.0,1.04987897247543,-0.9814721254788443
922,1.0,1.0,0.41550688157196874,0.9593000544381877
923,0.0,0.0,-1.283285631895104,-0.6602219375869657
924,1.0,1.0,-1.5360911447284105,2.1844463620627823
925,0.0,0.0,-0.09904832809935925,-1.0507035311612285
926,0.0,0.0,-1.7800590184695753,1.6493572328648711
927,0.0,0.0,0.6036289906198103,-3.407698335265742
928,0.0,0.0,-0.9534321485692496,1.7975689880017702
929,0.0,1.0,-0.4353400944377771,0.903377502328046
930,1.0,0.0,1.343971475968486,-2.945556390124034
931,1.0,0.0,1.2728454450600333,1.8833590266940634
932,1.0,1.0,2.7559468974643035,4.010355594360086
933,0.0,0.0,-1.7623013202045186,-1.5808134325082992
934,1.0,1.0,1.951261966295999,1.759760434403481
935,1.0,0.0,1.6124940438427275,-2.985021982066814
936,0.0,0.0,-1.0282315178344639,-0.5859729146553683
937,0.0,1.0,-3.0061743484162093,0.7394801344955196
938,1.0,0.0,1.0883329632424767,-4.395384973250931
939,1.0,0.0,-0.21478673885580857,-1.645177013088435
940,0.0,1.0,-2.090084866526982,4.9527208786211
941,0.0,1.0,-1.2173077509906618,1.7640727389626367
942,1.0,0.0,-1.5385478293494914,-2.9920115556664717
943,1.0,0.0,-0.30165204174622856,0.27612497110403084
944,0.0,1.0,0.43801438618110805,1.1793245432169828
945,0.0,1.0,-2.0668838208801974,-0.2342454238999883
946,0.0,0.0,-0.5500274062093835,-1.548627274178579
947,0.0,1.0,0.4637796134273469,1.859682814105758
948,1.0,0.0,4.3968618842732035,-1.3006081659788724
949,1.0,0.0,0.9264212315941442,1.6678476214156692
950,0.0,0.0,-0.11427263063920055,-1.0989224112884757
951,0.0,0.0,-1.2499041290442428,0.681713903012264
952,0.0,1.0,0.5531720465479247,1.4324724595325022
953,0.0,0.0,-0.39067763412573864,-1.7318019710226764
954,1.0,1.0,2.5505922523632365,-0.11821980488767322
955,1.0,0.0,1.5832368653617916,-1.0190317241711577
956,0.0,0.0,-2.586511321735846,-1.694340892570642
957,1.0,0.0,5.559549742651218,-2.4325262806491663
958,0.0,1.0,-0.8977560627361573,0.8669162090537822
959,0.0,0.0,-2.4030916940226184,-0.09569110947306386
960,0.0,0.0,-0.5113162726057484,0.09104249140072115
961,0.0,0.0,-3.322833832301384,-0.323786263774641
962,1.0,1.0,0.4641744547318075,3.886538733313498
963,1.0,1.0,2.616625314895511,5.023565567899825
964,0.0,1.0,0.1578540568701686,-1.5687078448982301
965,0.0,0.0,-3.1354505468545892,-0.8501226752951622
966,1.0,0.0,-3.488951247295463,-1.1955221245059224
967,0.0,0.0,-0.8174230638483388,-1.377747916737955
968,1.0,1.0,1.9727102448366192,0.8164246317167697
969,1.0,1.0,1.2184351228718768,0.19967192069142153
970,1.0,0.0,2.3288364648342057,-0.2766802218348072
971,1.0,0.0,0.9854645734338983,-1.369164157727038
972,1.0,0.0,4.385526376753255,-0.16443264662831433
973,1.0,0.0,5.076437983839306,-2.862335447819354
974,1.0,1.0,0.950886912361866,1.7885780870186612
975,1.0,0.0,4.084846533276614,-4.313451521906066
976,1.0,0.0,2.368783080825374,-1.5942436085675944
977,1.0,0.0,1.6578098418316438,0.08132918058763614
978,0.0,1.0,-2.7854127129803863,2.312643578909195
979,1.0,0.0,3.0771460327293627,0.6539340066152745
980,1.0,0.0,1.8758299529311515,-3.5070338876296967
981,0.0,0.0,-2.510192164388047,3.4978146846747076
982,0.0,0.0,-1.843398227527144,1.598070540588752
983,0.0,0.0,0.8501888285877982,-1.80902934564932
984,0.0,1.0,0.6784269628240626,3.8197132368586706
985,0.0,0.0,3.0935588471698825,-0.7326519223463945
986,1.0,0.0,1.820100004506579,1.7131590515406787
987,0.0,0.0,-0.2233158612632362,0.9934523082512494
988,0.0,0.0,-1.76527652684775,-5.790623156268088
989,1.0,1.0,0.08155554474730459,3.3106273031077964
990,0.0,1.0,-0.2822713823679273,3.2811763123983075
991,0.0,1.0,-0.2257472321584796,3.0537476035670292
992,1.0,1.0,0.271787983782001,0.9400042058068886
993,0.0,0.0,-1.476557028328918,1.1954717960225645
994,0.0,1.0,-1.8334912383019855,1.613084995261911
995,0.0,1.0,1.944962677250044,1.5261670549167023
996,0.0,1.0,0.6556015626101913,1.110003513066008
997,0.0,0.0,-1.7212746870248896,-2.3285632473445763
998,0.0,1.0,-3.179877703214167,4.808863071142089
999,0.0,1.0,0.22796773926241293,2.9532841765089937
